event_id,code,name,horizon,signal_date,entry_price,final_exit_date,status,exit_reason,net_return,win,max_intraday_drawdown,position_weighted_drawdown,take_profit_fill_count,stop_loss_triggered,remaining_fraction_at_expiry
600110:b1_staged:1:20260703,600110,600110,1,2026-07-03,15.75,2026-07-06,filled,stop_loss,-0.05,False,-0.09841269841269851,-0.09841269841269851,0,True,0.0
600110:b1_staged:2:20260703,600110,600110,2,2026-07-03,15.75,2026-07-06,filled,stop_loss,-0.05,False,-0.09841269841269851,-0.09841269841269851,0,True,0.0
600110:b1_staged:3:20260703,600110,600110,3,2026-07-03,15.75,2026-07-06,filled,stop_loss,-0.05,False,-0.09841269841269851,-0.09841269841269851,0,True,0.0
600110:b1_staged:4:20260703,600110,600110,4,2026-07-03,15.75,2026-07-06,filled,stop_loss,-0.05,False,-0.09841269841269851,-0.09841269841269851,0,True,0.0
600110:b1_staged:5:20260703,600110,600110,5,2026-07-03,15.75,2026-07-06,filled,stop_loss,-0.05,False,-0.09841269841269851,-0.09841269841269851,0,True,0.0
600176:b1_staged:1:20260609,600176,600176,1,2026-06-09,39.12,2026-06-10,filled,expiry,0.006390593047034709,True,-0.005623721881390598,-0.005623721881390598,0,False,1.0
600176:b1_staged:2:20260609,600176,600176,2,2026-06-09,39.12,2026-06-11,filled,expiry,0.04989775051124752,True,-0.02862985685071573,-0.02862985685071573,1,False,0.6666666666666667
600176:b1_staged:3:20260609,600176,600176,3,2026-06-09,39.12,2026-06-12,filled,expiry,0.07121676891615547,True,-0.02862985685071573,-0.02862985685071573,2,False,0.3333333333333334
600176:b1_staged:4:20260609,600176,600176,4,2026-06-09,39.12,2026-06-15,filled,take_profit,0.1,True,-0.02862985685071573,-0.02862985685071573,3,False,0.0
600176:b1_staged:5:20260609,600176,600176,5,2026-06-09,39.12,2026-06-15,filled,take_profit,0.1,True,-0.02862985685071573,-0.02862985685071573,3,False,0.0
600246:b1_staged:1:20260707,600246,600246,1,2026-07-07,18.6,2026-07-08,filled,expiry,0.04892473118279568,True,-0.012903225806451757,-0.012903225806451757,1,False,0.6666666666666667
600246:b1_staged:2:20260707,600246,600246,2,2026-07-07,18.6,2026-07-09,filled,expiry,0.08924731182795698,True,-0.012903225806451757,-0.012903225806451757,2,False,0.3333333333333334
600246:b1_staged:3:20260707,600246,600246,3,2026-07-07,18.6,2026-07-10,filled,expiry,0.07150537634408602,True,-0.012903225806451757,-0.012903225806451757,2,False,0.3333333333333334
600246:b1_staged:4:20260707,600246,600246,4,2026-07-07,18.6,2026-07-13,filled,expiry,0.07347670250896055,True,-0.012903225806451757,-0.012903225806451757,2,False,0.3333333333333334
600246:b1_staged:5:20260707,600246,600246,5,2026-07-07,18.6,2026-07-14,filled,expiry,0.0602150537634409,True,-0.012903225806451757,-0.012903225806451757,2,False,0.3333333333333334
600367:b1_staged:1:20260626,600367,600367,1,2026-06-26,58.28,2026-06-29,filled,stop_loss,-0.05,False,-0.05610844200411813,-0.05610844200411813,0,True,0.0
600367:b1_staged:2:20260626,600367,600367,2,2026-06-26,58.28,2026-06-29,filled,stop_loss,-0.05,False,-0.05610844200411813,-0.05610844200411813,0,True,0.0
600367:b1_staged:3:20260626,600367,600367,3,2026-06-26,58.28,2026-06-29,filled,stop_loss,-0.05,False,-0.05610844200411813,-0.05610844200411813,0,True,0.0
600367:b1_staged:4:20260626,600367,600367,4,2026-06-26,58.28,2026-06-29,filled,stop_loss,-0.05,False,-0.05610844200411813,-0.05610844200411813,0,True,0.0
600367:b1_staged:5:20260626,600367,600367,5,2026-06-26,58.28,2026-06-29,filled,stop_loss,-0.05,False,-0.05610844200411813,-0.05610844200411813,0,True,0.0
600460:b1_staged:1:20260615,600460,600460,1,2026-06-15,35.37,2026-06-16,filled,expiry,0.07742437093582137,True,0.0,0.0,2,False,0.3333333333333334
600460:b1_staged:2:20260615,600460,600460,2,2026-06-15,35.37,2026-06-17,filled,take_profit,0.1,True,0.0,0.0,3,False,0.0
600460:b1_staged:3:20260615,600460,600460,3,2026-06-15,35.37,2026-06-17,filled,take_profit,0.1,True,0.0,0.0,3,False,0.0
600460:b1_staged:4:20260615,600460,600460,4,2026-06-15,35.37,2026-06-17,filled,take_profit,0.1,True,0.0,0.0,3,False,0.0
600460:b1_staged:5:20260615,600460,600460,5,2026-06-15,35.37,2026-06-17,filled,take_profit,0.1,True,0.0,0.0,3,False,0.0
600460:b1_staged:1:20260709,600460,600460,1,2026-07-09,48.4,2026-07-10,filled,stop_loss,-0.05,False,-0.08429752066115703,-0.08429752066115703,0,True,0.0
600460:b1_staged:2:20260709,600460,600460,2,2026-07-09,48.4,2026-07-10,filled,stop_loss,-0.05,False,-0.08429752066115703,-0.08429752066115703,0,True,0.0
600460:b1_staged:3:20260709,600460,600460,3,2026-07-09,48.4,2026-07-10,filled,stop_loss,-0.05,False,-0.08429752066115703,-0.08429752066115703,0,True,0.0
600460:b1_staged:4:20260709,600460,600460,4,2026-07-09,48.4,2026-07-10,filled,stop_loss,-0.05,False,-0.08429752066115703,-0.08429752066115703,0,True,0.0
600460:b1_staged:5:20260709,600460,600460,5,2026-07-09,48.4,,insufficient_history,insufficient_history,,False,,,0,False,
600584:b1_staged:1:20260615,600584,600584,1,2026-06-15,74.32,2026-06-16,filled,expiry,0.040078937926085585,True,0.0,0.0,1,False,0.6666666666666667
600584:b1_staged:2:20260615,600584,600584,2,2026-06-15,74.32,2026-06-17,filled,expiry,0.08336921420882674,True,0.0,0.0,2,False,0.3333333333333334
600584:b1_staged:3:20260615,600584,600584,3,2026-06-15,74.32,2026-06-18,filled,take_profit,0.1,True,0.0,0.0,3,False,0.0
600584:b1_staged:4:20260615,600584,600584,4,2026-06-15,74.32,2026-06-18,filled,take_profit,0.1,True,0.0,0.0,3,False,0.0
600584:b1_staged:5:20260615,600584,600584,5,2026-06-15,74.32,2026-06-18,filled,take_profit,0.1,True,0.0,0.0,3,False,0.0
600601:b1_staged:1:20260612,600601,600601,1,2026-06-12,12.89,2026-06-15,filled,expiry,0.04344453064390996,True,-0.018619084561675714,-0.018619084561675714,0,False,1.0
600601:b1_staged:2:20260612,600601,600601,2,2026-06-12,12.89,2026-06-16,filled,expiry,0.08129040599948283,True,-0.018619084561675714,-0.018619084561675714,2,False,0.3333333333333334
600601:b1_staged:3:20260612,600601,600601,3,2026-06-12,12.89,2026-06-17,filled,take_profit,0.1,True,-0.018619084561675714,-0.018619084561675714,3,False,0.0
600601:b1_staged:4:20260612,600601,600601,4,2026-06-12,12.89,2026-06-17,filled,take_profit,0.1,True,-0.018619084561675714,-0.018619084561675714,3,False,0.0
600601:b1_staged:5:20260612,600601,600601,5,2026-06-12,12.89,2026-06-17,filled,take_profit,0.1,True,-0.018619084561675714,-0.018619084561675714,3,False,0.0
600707:b1_staged:1:20260604,600707,600707,1,2026-06-04,10.95,2026-06-05,filled,stop_loss,-0.05,False,-0.05022831050228305,-0.05022831050228305,0,True,0.0
600707:b1_staged:2:20260604,600707,600707,2,2026-06-04,10.95,2026-06-05,filled,stop_loss,-0.05,False,-0.05022831050228305,-0.05022831050228305,0,True,0.0
600707:b1_staged:3:20260604,600707,600707,3,2026-06-04,10.95,2026-06-05,filled,stop_loss,-0.05,False,-0.05022831050228305,-0.05022831050228305,0,True,0.0
600707:b1_staged:4:20260604,600707,600707,4,2026-06-04,10.95,2026-06-05,filled,stop_loss,-0.05,False,-0.05022831050228305,-0.05022831050228305,0,True,0.0
600707:b1_staged:5:20260604,600707,600707,5,2026-06-04,10.95,2026-06-05,filled,stop_loss,-0.05,False,-0.05022831050228305,-0.05022831050228305,0,True,0.0
600707:b1_staged:1:20260616,600707,600707,1,2026-06-16,11.51,2026-06-17,filled,expiry,0.08327541268462209,True,-0.01650738488271064,-0.01650738488271064,1,False,0.6666666666666667
600707:b1_staged:2:20260616,600707,600707,2,2026-06-16,11.51,2026-06-18,filled,expiry,0.028250796408919795,True,-0.01650738488271064,-0.01650738488271064,1,False,0.6666666666666667
600707:b1_staged:3:20260616,600707,600707,3,2026-06-16,11.51,2026-06-22,filled,expiry,0.0757746886765132,True,-0.01650738488271064,-0.01650738488271064,2,False,0.3333333333333334
600707:b1_staged:4:20260616,600707,600707,4,2026-06-16,11.51,2026-06-23,filled,take_profit,0.1,True,-0.01650738488271064,-0.01650738488271064,3,False,0.0
600707:b1_staged:5:20260616,600707,600707,5,2026-06-16,11.51,2026-06-23,filled,take_profit,0.1,True,-0.01650738488271064,-0.01650738488271064,3,False,0.0
601138:b1_staged:1:20260615,601138,601138,1,2026-06-15,73.4,2026-06-16,filled,expiry,-0.006811989100817484,False,-0.012261580381471515,-0.012261580381471515,0,False,1.0
601138:b1_staged:2:20260615,601138,601138,2,2026-06-15,73.4,2026-06-17,filled,expiry,-0.010354223433242549,False,-0.032697547683923744,-0.032697547683923744,0,False,1.0
601138:b1_staged:3:20260615,601138,601138,3,2026-06-15,73.4,2026-06-18,filled,expiry,0.059173478655767456,True,-0.032697547683923744,-0.032697547683923744,1,False,0.6666666666666667
601138:b1_staged:4:20260615,601138,601138,4,2026-06-15,73.4,2026-06-22,filled,expiry,0.06643960036330601,True,-0.032697547683923744,-0.032697547683923744,1,False,0.6666666666666667
601138:b1_staged:5:20260615,601138,601138,5,2026-06-15,73.4,2026-06-23,filled,expiry,0.023024523160762853,True,-0.032697547683923744,-0.032697547683923744,1,False,0.6666666666666667
601636:b1_staged:1:20260605,601636,601636,1,2026-06-05,7.03,2026-06-08,filled,expiry,-0.03556187766714081,False,-0.04125177809388336,-0.04125177809388336,0,False,1.0
601636:b1_staged:2:20260605,601636,601636,2,2026-06-05,7.03,2026-06-09,filled,stop_loss,-0.05,False,-0.073968705547653,-0.073968705547653,0,True,0.0
601636:b1_staged:3:20260605,601636,601636,3,2026-06-05,7.03,2026-06-09,filled,stop_loss,-0.05,False,-0.073968705547653,-0.073968705547653,0,True,0.0
601636:b1_staged:4:20260605,601636,601636,4,2026-06-05,7.03,2026-06-09,filled,stop_loss,-0.05,False,-0.073968705547653,-0.073968705547653,0,True,0.0
601636:b1_staged:5:20260605,601636,601636,5,2026-06-05,7.03,2026-06-09,filled,stop_loss,-0.05,False,-0.073968705547653,-0.073968705547653,0,True,0.0
603005:b1_staged:1:20260709,603005,603005,1,2026-07-09,45.19,2026-07-10,filled,expiry,-0.0013314155049052104,False,-0.026997123257357813,-0.026997123257357813,1,False,0.6666666666666667
603005:b1_staged:2:20260709,603005,603005,2,2026-07-09,45.19,2026-07-13,filled,stop_loss,-0.016666666666666673,False,-0.0927196282363354,-0.06181308549089027,1,True,0.0
603005:b1_staged:3:20260709,603005,603005,3,2026-07-09,45.19,2026-07-13,filled,stop_loss,-0.016666666666666673,False,-0.0927196282363354,-0.06181308549089027,1,True,0.0
603005:b1_staged:4:20260709,603005,603005,4,2026-07-09,45.19,2026-07-13,filled,stop_loss,-0.016666666666666673,False,-0.0927196282363354,-0.06181308549089027,1,True,0.0
603005:b1_staged:5:20260709,603005,603005,5,2026-07-09,45.19,,insufficient_history,insufficient_history,,False,,,0,False,
603019:b1_staged:1:20260708,603019,603019,1,2026-07-08,98.15,2026-07-09,filled,expiry,0.056333842757683814,True,-0.0200713194090677,-0.0200713194090677,1,False,0.6666666666666667
603019:b1_staged:2:20260708,603019,603019,2,2026-07-08,98.15,2026-07-10,filled,take_profit,0.1,True,-0.0200713194090677,-0.0200713194090677,3,False,0.0
603019:b1_staged:3:20260708,603019,603019,3,2026-07-08,98.15,2026-07-10,filled,take_profit,0.1,True,-0.0200713194090677,-0.0200713194090677,3,False,0.0
603019:b1_staged:4:20260708,603019,603019,4,2026-07-08,98.15,2026-07-10,filled,take_profit,0.1,True,-0.0200713194090677,-0.0200713194090677,3,False,0.0
603019:b1_staged:5:20260708,603019,603019,5,2026-07-08,98.15,2026-07-10,filled,take_profit,0.1,True,-0.0200713194090677,-0.0200713194090677,3,False,0.0
603228:b1_staged:1:20260610,603228,603228,1,2026-06-10,75.34,2026-06-11,filled,expiry,0.00610565436687005,True,-0.023626227767454266,-0.023626227767454266,0,False,1.0
603228:b1_staged:2:20260610,603228,603228,2,2026-06-10,75.34,2026-06-12,filled,expiry,-0.02973188213432454,False,-0.02973188213432454,-0.02973188213432454,0,False,1.0
603228:b1_staged:3:20260610,603228,603228,3,2026-06-10,75.34,2026-06-15,filled,expiry,0.05330059286788787,True,-0.02973188213432454,-0.02973188213432454,1,False,0.6666666666666667
603228:b1_staged:4:20260610,603228,603228,4,2026-06-10,75.34,2026-06-16,filled,expiry,0.04153172285638443,True,-0.02973188213432454,-0.02973188213432454,1,False,0.6666666666666667
603228:b1_staged:5:20260610,603228,603228,5,2026-06-10,75.34,2026-06-17,filled,expiry,0.06462702415715418,True,-0.02973188213432454,-0.02973188213432454,1,False,0.6666666666666667
603228:b1_staged:1:20260625,603228,603228,1,2026-06-25,77.63,2026-06-26,filled,stop_loss,-0.05,False,-0.07484220018034271,-0.07484220018034271,0,True,0.0
603228:b1_staged:2:20260625,603228,603228,2,2026-06-25,77.63,2026-06-26,filled,stop_loss,-0.05,False,-0.07484220018034271,-0.07484220018034271,0,True,0.0
603228:b1_staged:3:20260625,603228,603228,3,2026-06-25,77.63,2026-06-26,filled,stop_loss,-0.05,False,-0.07484220018034271,-0.07484220018034271,0,True,0.0
603228:b1_staged:4:20260625,603228,603228,4,2026-06-25,77.63,2026-06-26,filled,stop_loss,-0.05,False,-0.07484220018034271,-0.07484220018034271,0,True,0.0
603228:b1_staged:5:20260625,603228,603228,5,2026-06-25,77.63,2026-06-26,filled,stop_loss,-0.05,False,-0.07484220018034271,-0.07484220018034271,0,True,0.0
603267:b1_staged:1:20260616,603267,603267,1,2026-06-16,72.23,2026-06-17,filled,expiry,0.038349716184410854,True,-0.012183303336563922,-0.012183303336563922,0,False,1.0
603267:b1_staged:2:20260616,603267,603267,2,2026-06-16,72.23,2026-06-18,filled,expiry,0.05487793622225297,True,-0.012183303336563922,-0.012183303336563922,1,False,0.6666666666666667
603267:b1_staged:3:20260616,603267,603267,3,2026-06-16,72.23,2026-06-22,filled,expiry,0.04804790253357323,True,-0.012183303336563922,-0.012183303336563922,1,False,0.6666666666666667
603267:b1_staged:4:20260616,603267,603267,4,2026-06-16,72.23,2026-06-23,filled,expiry,0.014174627347823952,True,-0.02256680049840798,-0.015044533665605321,1,False,0.6666666666666667
603267:b1_staged:5:20260616,603267,603267,5,2026-06-16,72.23,2026-06-24,filled,expiry,0.05146291937791317,True,-0.02256680049840798,-0.015044533665605321,1,False,0.6666666666666667
603650:b1_staged:1:20260709,603650,603650,1,2026-07-09,89.56,2026-07-10,filled,stop_loss,-0.05,False,-0.07815989280928981,-0.07815989280928981,0,True,0.0
603650:b1_staged:2:20260709,603650,603650,2,2026-07-09,89.56,2026-07-10,filled,stop_loss,-0.05,False,-0.07815989280928981,-0.07815989280928981,0,True,0.0
603650:b1_staged:3:20260709,603650,603650,3,2026-07-09,89.56,2026-07-10,filled,stop_loss,-0.05,False,-0.07815989280928981,-0.07815989280928981,0,True,0.0
603650:b1_staged:4:20260709,603650,603650,4,2026-07-09,89.56,2026-07-10,filled,stop_loss,-0.05,False,-0.07815989280928981,-0.07815989280928981,0,True,0.0
603650:b1_staged:5:20260709,603650,603650,5,2026-07-09,89.56,,insufficient_history,insufficient_history,,False,,,0,False,
603688:b1_staged:1:20260605,603688,603688,1,2026-06-05,69.49,2026-06-08,filled,stop_loss,-0.05,False,-0.07252842135559068,-0.07252842135559068,0,True,0.0
603688:b1_staged:2:20260605,603688,603688,2,2026-06-05,69.49,2026-06-08,filled,stop_loss,-0.05,False,-0.07252842135559068,-0.07252842135559068,0,True,0.0
603688:b1_staged:3:20260605,603688,603688,3,2026-06-05,69.49,2026-06-08,filled,stop_loss,-0.05,False,-0.07252842135559068,-0.07252842135559068,0,True,0.0
603688:b1_staged:4:20260605,603688,603688,4,2026-06-05,69.49,2026-06-08,filled,stop_loss,-0.05,False,-0.07252842135559068,-0.07252842135559068,0,True,0.0
603688:b1_staged:5:20260605,603688,603688,5,2026-06-05,69.49,2026-06-08,filled,stop_loss,-0.05,False,-0.07252842135559068,-0.07252842135559068,0,True,0.0
603986:b1_staged:1:20260709,603986,603986,1,2026-07-09,663.49,2026-07-10,filled,stop_loss,-0.05,False,-0.0848694027038841,-0.0848694027038841,0,True,0.0
603986:b1_staged:2:20260709,603986,603986,2,2026-07-09,663.49,2026-07-10,filled,stop_loss,-0.05,False,-0.0848694027038841,-0.0848694027038841,0,True,0.0
603986:b1_staged:3:20260709,603986,603986,3,2026-07-09,663.49,2026-07-10,filled,stop_loss,-0.05,False,-0.0848694027038841,-0.0848694027038841,0,True,0.0
603986:b1_staged:4:20260709,603986,603986,4,2026-07-09,663.49,2026-07-10,filled,stop_loss,-0.05,False,-0.0848694027038841,-0.0848694027038841,0,True,0.0
603986:b1_staged:5:20260709,603986,603986,5,2026-07-09,663.49,,insufficient_history,insufficient_history,,False,,,0,False,
688003:b1_staged:1:20260603,688003,688003,1,2026-06-03,111.31,2026-06-04,filled,stop_loss,-0.05,False,-0.05219656814302398,-0.05219656814302398,0,True,0.0
688003:b1_staged:2:20260603,688003,688003,2,2026-06-03,111.31,2026-06-04,filled,stop_loss,-0.05,False,-0.05219656814302398,-0.05219656814302398,0,True,0.0
688003:b1_staged:3:20260603,688003,688003,3,2026-06-03,111.31,2026-06-04,filled,stop_loss,-0.05,False,-0.05219656814302398,-0.05219656814302398,0,True,0.0
688003:b1_staged:4:20260603,688003,688003,4,2026-06-03,111.31,2026-06-04,filled,stop_loss,-0.05,False,-0.05219656814302398,-0.05219656814302398,0,True,0.0
688003:b1_staged:5:20260603,688003,688003,5,2026-06-03,111.31,2026-06-04,filled,stop_loss,-0.05,False,-0.05219656814302398,-0.05219656814302398,0,True,0.0
688003:b1_staged:1:20260612,688003,688003,1,2026-06-12,105.49,2026-06-15,filled,expiry,0.02948146743767177,True,-0.023414541662716837,-0.023414541662716837,0,False,1.0
688003:b1_staged:2:20260612,688003,688003,2,2026-06-12,105.49,2026-06-16,filled,expiry,0.04112396119695389,True,-0.023414541662716837,-0.023414541662716837,1,False,0.6666666666666667
688003:b1_staged:3:20260612,688003,688003,3,2026-06-12,105.49,2026-06-17,filled,expiry,0.08384207033842073,True,-0.023414541662716837,-0.023414541662716837,2,False,0.3333333333333334
688003:b1_staged:4:20260612,688003,688003,4,2026-06-12,105.49,2026-06-18,filled,take_profit,0.1,True,-0.023414541662716837,-0.023414541662716837,3,False,0.0
688003:b1_staged:5:20260612,688003,688003,5,2026-06-12,105.49,2026-06-18,filled,take_profit,0.1,True,-0.023414541662716837,-0.023414541662716837,3,False,0.0
688008:b1_staged:1:20260603,688008,688008,1,2026-06-03,253.9,2026-06-04,filled,expiry,0.02272548247341466,True,-0.023198109491926022,-0.023198109491926022,0,False,1.0
688008:b1_staged:2:20260603,688008,688008,2,2026-06-03,253.9,2026-06-05,filled,stop_loss,-0.05,False,-0.06415911776289873,-0.06415911776289873,0,True,0.0
688008:b1_staged:3:20260603,688008,688008,3,2026-06-03,253.9,2026-06-05,filled,stop_loss,-0.05,False,-0.06415911776289873,-0.06415911776289873,0,True,0.0
688008:b1_staged:4:20260603,688008,688008,4,2026-06-03,253.9,2026-06-05,filled,stop_loss,-0.05,False,-0.06415911776289873,-0.06415911776289873,0,True,0.0
688008:b1_staged:5:20260603,688008,688008,5,2026-06-03,253.9,2026-06-05,filled,stop_loss,-0.05,False,-0.06415911776289873,-0.06415911776289873,0,True,0.0
688008:b1_staged:1:20260615,688008,688008,1,2026-06-15,240.1,2026-06-16,filled,expiry,0.016951270304039978,True,-0.0057892544773010535,-0.0057892544773010535,0,False,1.0
688008:b1_staged:2:20260615,688008,688008,2,2026-06-15,240.1,2026-06-17,filled,expiry,0.07886297376093297,True,-0.008371511870054138,-0.008371511870054138,1,False,0.6666666666666667
688008:b1_staged:3:20260615,688008,688008,3,2026-06-15,240.1,2026-06-18,filled,expiry,0.09137165070109676,True,-0.008371511870054138,-0.008371511870054138,2,False,0.3333333333333334
688008:b1_staged:4:20260615,688008,688008,4,2026-06-15,240.1,2026-06-22,filled,take_profit,0.1,True,-0.008371511870054138,-0.008371511870054138,3,False,0.0
688008:b1_staged:5:20260615,688008,688008,5,2026-06-15,240.1,2026-06-22,filled,take_profit,0.1,True,-0.008371511870054138,-0.008371511870054138,3,False,0.0
688008:b1_staged:1:20260709,688008,688008,1,2026-07-09,285.8,2026-07-10,filled,stop_loss,-0.05,False,-0.06231630510846742,-0.06231630510846742,0,True,0.0
688008:b1_staged:2:20260709,688008,688008,2,2026-07-09,285.8,2026-07-10,filled,stop_loss,-0.05,False,-0.06231630510846742,-0.06231630510846742,0,True,0.0
688008:b1_staged:3:20260709,688008,688008,3,2026-07-09,285.8,2026-07-10,filled,stop_loss,-0.05,False,-0.06231630510846742,-0.06231630510846742,0,True,0.0
688008:b1_staged:4:20260709,688008,688008,4,2026-07-09,285.8,2026-07-10,filled,stop_loss,-0.05,False,-0.06231630510846742,-0.06231630510846742,0,True,0.0
688008:b1_staged:5:20260709,688008,688008,5,2026-07-09,285.8,,insufficient_history,insufficient_history,,False,,,0,False,
688012:b1_staged:1:20260709,688012,688012,1,2026-07-09,471.59,2026-07-10,filled,stop_loss,-0.05,False,-0.07970906931868782,-0.07970906931868782,0,True,0.0
688012:b1_staged:2:20260709,688012,688012,2,2026-07-09,471.59,2026-07-10,filled,stop_loss,-0.05,False,-0.07970906931868782,-0.07970906931868782,0,True,0.0
688012:b1_staged:3:20260709,688012,688012,3,2026-07-09,471.59,2026-07-10,filled,stop_loss,-0.05,False,-0.07970906931868782,-0.07970906931868782,0,True,0.0
688012:b1_staged:4:20260709,688012,688012,4,2026-07-09,471.59,2026-07-10,filled,stop_loss,-0.05,False,-0.07970906931868782,-0.07970906931868782,0,True,0.0
688012:b1_staged:5:20260709,688012,688012,5,2026-07-09,471.59,,insufficient_history,insufficient_history,,False,,,0,False,
688037:b1_staged:1:20260603,688037,688037,1,2026-06-03,256.95,2026-06-04,filled,expiry,0.006538237011091574,True,-0.04230395018486077,-0.04230395018486077,0,False,1.0
688037:b1_staged:2:20260603,688037,688037,2,2026-06-03,256.95,2026-06-05,filled,stop_loss,-0.05,False,-0.05156645261724069,-0.05156645261724069,0,True,0.0
688037:b1_staged:3:20260603,688037,688037,3,2026-06-03,256.95,2026-06-05,filled,stop_loss,-0.05,False,-0.05156645261724069,-0.05156645261724069,0,True,0.0
688037:b1_staged:4:20260603,688037,688037,4,2026-06-03,256.95,2026-06-05,filled,stop_loss,-0.05,False,-0.05156645261724069,-0.05156645261724069,0,True,0.0
688037:b1_staged:5:20260603,688037,688037,5,2026-06-03,256.95,2026-06-05,filled,stop_loss,-0.05,False,-0.05156645261724069,-0.05156645261724069,0,True,0.0
688048:b1_staged:1:20260709,688048,688048,1,2026-07-09,472.44,2026-07-10,filled,stop_loss,-0.05,False,-0.057636948607230565,-0.057636948607230565,0,True,0.0
688048:b1_staged:2:20260709,688048,688048,2,2026-07-09,472.44,2026-07-10,filled,stop_loss,-0.05,False,-0.057636948607230565,-0.057636948607230565,0,True,0.0
688048:b1_staged:3:20260709,688048,688048,3,2026-07-09,472.44,2026-07-10,filled,stop_loss,-0.05,False,-0.057636948607230565,-0.057636948607230565,0,True,0.0
688048:b1_staged:4:20260709,688048,688048,4,2026-07-09,472.44,2026-07-10,filled,stop_loss,-0.05,False,-0.057636948607230565,-0.057636948607230565,0,True,0.0
688048:b1_staged:5:20260709,688048,688048,5,2026-07-09,472.44,,insufficient_history,insufficient_history,,False,,,0,False,
688072:b1_staged:1:20260603,688072,688072,1,2026-06-03,615.49,2026-06-04,filled,expiry,0.012234154900973238,True,-0.03164958000942342,-0.03164958000942342,0,False,1.0
688072:b1_staged:2:20260603,688072,688072,2,2026-06-03,615.49,2026-06-05,filled,stop_loss,-0.05,False,-0.059286097255844994,-0.059286097255844994,0,True,0.0
688072:b1_staged:3:20260603,688072,688072,3,2026-06-03,615.49,2026-06-05,filled,stop_loss,-0.05,False,-0.059286097255844994,-0.059286097255844994,0,True,0.0
688072:b1_staged:4:20260603,688072,688072,4,2026-06-03,615.49,2026-06-05,filled,stop_loss,-0.05,False,-0.059286097255844994,-0.059286097255844994,0,True,0.0
688072:b1_staged:5:20260603,688072,688072,5,2026-06-03,615.49,2026-06-05,filled,stop_loss,-0.05,False,-0.059286097255844994,-0.059286097255844994,0,True,0.0
688072:b1_staged:1:20260610,688072,688072,1,2026-06-10,618.0,2026-06-11,filled,expiry,0.05687162891046389,True,-0.025873786407767052,-0.025873786407767052,1,False,0.6666666666666667
688072:b1_staged:2:20260610,688072,688072,2,2026-06-10,618.0,2026-06-12,filled,take_profit,0.1,True,-0.025873786407767052,-0.025873786407767052,3,False,0.0
688072:b1_staged:3:20260610,688072,688072,3,2026-06-10,618.0,2026-06-12,filled,take_profit,0.1,True,-0.025873786407767052,-0.025873786407767052,3,False,0.0
688072:b1_staged:4:20260610,688072,688072,4,2026-06-10,618.0,2026-06-12,filled,take_profit,0.1,True,-0.025873786407767052,-0.025873786407767052,3,False,0.0
688072:b1_staged:5:20260610,688072,688072,5,2026-06-10,618.0,2026-06-12,filled,take_profit,0.1,True,-0.025873786407767052,-0.025873786407767052,3,False,0.0
688110:b1_staged:1:20260709,688110,688110,1,2026-07-09,176.34,2026-07-10,filled,stop_loss,-0.05,False,-0.06997845072019959,-0.06997845072019959,0,True,0.0
688110:b1_staged:2:20260709,688110,688110,2,2026-07-09,176.34,2026-07-10,filled,stop_loss,-0.05,False,-0.06997845072019959,-0.06997845072019959,0,True,0.0
688110:b1_staged:3:20260709,688110,688110,3,2026-07-09,176.34,2026-07-10,filled,stop_loss,-0.05,False,-0.06997845072019959,-0.06997845072019959,0,True,0.0
688110:b1_staged:4:20260709,688110,688110,4,2026-07-09,176.34,2026-07-10,filled,stop_loss,-0.05,False,-0.06997845072019959,-0.06997845072019959,0,True,0.0
688110:b1_staged:5:20260709,688110,688110,5,2026-07-09,176.34,,insufficient_history,insufficient_history,,False,,,0,False,
688126:b1_staged:1:20260604,688126,688126,1,2026-06-04,28.85,2026-06-05,filled,expiry,-0.012478336221837139,False,-0.039514731369150846,-0.039514731369150846,0,False,1.0
688126:b1_staged:2:20260604,688126,688126,2,2026-06-04,28.85,2026-06-08,filled,stop_loss,-0.05,False,-0.09185441941074535,-0.09185441941074535,0,True,0.0
688126:b1_staged:3:20260604,688126,688126,3,2026-06-04,28.85,2026-06-08,filled,stop_loss,-0.05,False,-0.09185441941074535,-0.09185441941074535,0,True,0.0
688126:b1_staged:4:20260604,688126,688126,4,2026-06-04,28.85,2026-06-08,filled,stop_loss,-0.05,False,-0.09185441941074535,-0.09185441941074535,0,True,0.0
688126:b1_staged:5:20260604,688126,688126,5,2026-06-04,28.85,2026-06-08,filled,stop_loss,-0.05,False,-0.09185441941074535,-0.09185441941074535,0,True,0.0
688126:b1_staged:1:20260709,688126,688126,1,2026-07-09,37.25,2026-07-10,filled,expiry,0.0014541387024608263,True,-0.02604026845637586,-0.02604026845637586,1,False,0.6666666666666667
688126:b1_staged:2:20260709,688126,688126,2,2026-07-09,37.25,2026-07-13,filled,stop_loss,-0.016666666666666673,False,-0.05315436241610727,-0.03543624161073818,1,True,0.0
688126:b1_staged:3:20260709,688126,688126,3,2026-07-09,37.25,2026-07-13,filled,stop_loss,-0.016666666666666673,False,-0.05315436241610727,-0.03543624161073818,1,True,0.0
688126:b1_staged:4:20260709,688126,688126,4,2026-07-09,37.25,2026-07-13,filled,stop_loss,-0.016666666666666673,False,-0.05315436241610727,-0.03543624161073818,1,True,0.0
688126:b1_staged:5:20260709,688126,688126,5,2026-07-09,37.25,,insufficient_history,insufficient_history,,False,,,0,False,
688170:b1_staged:1:20260605,688170,688170,1,2026-06-05,80.15,2026-06-08,filled,stop_loss,-0.05,False,-0.05589519650655028,-0.05589519650655028,0,True,0.0
688170:b1_staged:2:20260605,688170,688170,2,2026-06-05,80.15,2026-06-08,filled,stop_loss,-0.05,False,-0.05589519650655028,-0.05589519650655028,0,True,0.0
688170:b1_staged:3:20260605,688170,688170,3,2026-06-05,80.15,2026-06-08,filled,stop_loss,-0.05,False,-0.05589519650655028,-0.05589519650655028,0,True,0.0
688170:b1_staged:4:20260605,688170,688170,4,2026-06-05,80.15,2026-06-08,filled,stop_loss,-0.05,False,-0.05589519650655028,-0.05589519650655028,0,True,0.0
688170:b1_staged:5:20260605,688170,688170,5,2026-06-05,80.15,2026-06-08,filled,stop_loss,-0.05,False,-0.05589519650655028,-0.05589519650655028,0,True,0.0
688170:b1_staged:1:20260615,688170,688170,1,2026-06-15,81.24,2026-06-16,filled,expiry,0.023264401772525867,True,-0.02732644017725261,-0.02732644017725261,0,False,1.0
688170:b1_staged:2:20260615,688170,688170,2,2026-06-15,81.24,2026-06-17,filled,expiry,0.0686689643853603,True,-0.02732644017725261,-0.02732644017725261,2,False,0.3333333333333334
688170:b1_staged:3:20260615,688170,688170,3,2026-06-15,81.24,2026-06-18,filled,expiry,0.06645330707369113,True,-0.02732644017725261,-0.02732644017725261,2,False,0.3333333333333334
688170:b1_staged:4:20260615,688170,688170,4,2026-06-15,81.24,2026-06-22,filled,expiry,0.06829968816674876,True,-0.02732644017725261,-0.02732644017725261,2,False,0.3333333333333334
688170:b1_staged:5:20260615,688170,688170,5,2026-06-15,81.24,2026-06-23,filled,expiry,0.055128836369604486,True,-0.031265386509108706,-0.02732644017725261,2,False,0.3333333333333334
688183:b1_staged:1:20260609,688183,688183,1,2026-06-09,124.9,2026-06-10,filled,stop_loss,-0.05,False,-0.07902321857485994,-0.07902321857485994,0,True,0.0
688183:b1_staged:2:20260609,688183,688183,2,2026-06-09,124.9,2026-06-10,filled,stop_loss,-0.05,False,-0.07902321857485994,-0.07902321857485994,0,True,0.0
688183:b1_staged:3:20260609,688183,688183,3,2026-06-09,124.9,2026-06-10,filled,stop_loss,-0.05,False,-0.07902321857485994,-0.07902321857485994,0,True,0.0
688183:b1_staged:4:20260609,688183,688183,4,2026-06-09,124.9,2026-06-10,filled,stop_loss,-0.05,False,-0.07902321857485994,-0.07902321857485994,0,True,0.0
688183:b1_staged:5:20260609,688183,688183,5,2026-06-09,124.9,2026-06-10,filled,stop_loss,-0.05,False,-0.07902321857485994,-0.07902321857485994,0,True,0.0
688187:b1_staged:1:20260609,688187,688187,1,2026-06-09,57.9,2026-06-10,filled,stop_loss,-0.05,False,-0.07547495682210703,-0.07547495682210703,0,True,0.0
688187:b1_staged:2:20260609,688187,688187,2,2026-06-09,57.9,2026-06-10,filled,stop_loss,-0.05,False,-0.07547495682210703,-0.07547495682210703,0,True,0.0
688187:b1_staged:3:20260609,688187,688187,3,2026-06-09,57.9,2026-06-10,filled,stop_loss,-0.05,False,-0.07547495682210703,-0.07547495682210703,0,True,0.0
688187:b1_staged:4:20260609,688187,688187,4,2026-06-09,57.9,2026-06-10,filled,stop_loss,-0.05,False,-0.07547495682210703,-0.07547495682210703,0,True,0.0
688187:b1_staged:5:20260609,688187,688187,5,2026-06-09,57.9,2026-06-10,filled,stop_loss,-0.05,False,-0.07547495682210703,-0.07547495682210703,0,True,0.0
688200:b1_staged:1:20260604,688200,688200,1,2026-06-04,441.0,2026-06-05,filled,expiry,-0.02965986394557818,False,-0.04761904761904767,-0.04761904761904767,0,False,1.0
688200:b1_staged:2:20260604,688200,688200,2,2026-06-04,441.0,2026-06-08,filled,stop_loss,-0.05,False,-0.05877551020408167,-0.05877551020408167,0,True,0.0
688200:b1_staged:3:20260604,688200,688200,3,2026-06-04,441.0,2026-06-08,filled,stop_loss,-0.05,False,-0.05877551020408167,-0.05877551020408167,0,True,0.0
688200:b1_staged:4:20260604,688200,688200,4,2026-06-04,441.0,2026-06-08,filled,stop_loss,-0.05,False,-0.05877551020408167,-0.05877551020408167,0,True,0.0
688200:b1_staged:5:20260604,688200,688200,5,2026-06-04,441.0,2026-06-08,filled,stop_loss,-0.05,False,-0.05877551020408167,-0.05877551020408167,0,True,0.0
688200:b1_staged:1:20260708,688200,688200,1,2026-07-08,498.76,2026-07-09,filled,expiry,0.07579998396022132,True,-0.017503408452963387,-0.017503408452963387,1,False,0.6666666666666667
688200:b1_staged:2:20260708,688200,688200,2,2026-07-08,498.76,2026-07-10,filled,expiry,0.05417034244927421,True,-0.017503408452963387,-0.017503408452963387,2,False,0.3333333333333334
688200:b1_staged:3:20260708,688200,688200,3,2026-07-08,498.76,2026-07-13,filled,expiry,0.043477156681904466,True,-0.031598363942577534,-0.017503408452963387,2,False,0.3333333333333334
688200:b1_staged:4:20260708,688200,688200,4,2026-07-08,498.76,2026-07-14,filled,expiry,0.0514970460074318,True,-0.04739754591386636,-0.017503408452963387,2,False,0.3333333333333334
688200:b1_staged:5:20260708,688200,688200,5,2026-07-08,498.76,2026-07-15,filled,stop_loss,0.033333333333333326,True,-0.11771192557542698,-0.03923730852514234,2,True,0.0
688206:b1_staged:1:20260604,688206,688206,1,2026-06-04,39.0,2026-06-05,filled,expiry,-0.005897435897435854,False,-0.02897435897435907,-0.02897435897435907,0,False,1.0
688206:b1_staged:2:20260604,688206,688206,2,2026-06-04,39.0,2026-06-08,filled,stop_loss,-0.05,False,-0.058974358974358876,-0.058974358974358876,0,True,0.0
688206:b1_staged:3:20260604,688206,688206,3,2026-06-04,39.0,2026-06-08,filled,stop_loss,-0.05,False,-0.058974358974358876,-0.058974358974358876,0,True,0.0
688206:b1_staged:4:20260604,688206,688206,4,2026-06-04,39.0,2026-06-08,filled,stop_loss,-0.05,False,-0.058974358974358876,-0.058974358974358876,0,True,0.0
688206:b1_staged:5:20260604,688206,688206,5,2026-06-04,39.0,2026-06-08,filled,stop_loss,-0.05,False,-0.058974358974358876,-0.058974358974358876,0,True,0.0
688206:b1_staged:1:20260608,688206,688206,1,2026-06-08,39.88,2026-06-09,filled,expiry,0.022567703109327875,True,-0.005767301905717281,-0.005767301905717281,0,False,1.0
688206:b1_staged:2:20260608,688206,688206,2,2026-06-08,39.88,2026-06-10,filled,expiry,0.000785690404546957,True,-0.03360080240722174,-0.03360080240722174,1,False,0.6666666666666667
688206:b1_staged:3:20260608,688206,688206,3,2026-06-08,39.88,2026-06-11,filled,expiry,0.020010030090270713,True,-0.03360080240722174,-0.03360080240722174,1,False,0.6666666666666667
688206:b1_staged:4:20260608,688206,688206,4,2026-06-08,39.88,2026-06-12,filled,stop_loss,-0.016666666666666673,False,-0.05140421263791384,-0.034269475091942565,1,True,0.0
688206:b1_staged:5:20260608,688206,688206,5,2026-06-08,39.88,2026-06-12,filled,stop_loss,-0.016666666666666673,False,-0.05140421263791384,-0.034269475091942565,1,True,0.0
688206:b1_staged:1:20260624,688206,688206,1,2026-06-24,39.78,2026-06-25,filled,expiry,-0.016339869281045694,False,-0.03217697335344394,-0.03217697335344394,0,False,1.0
688206:b1_staged:2:20260624,688206,688206,2,2026-06-24,39.78,2026-06-26,filled,stop_loss,-0.05,False,-0.06485671191553544,-0.06485671191553544,0,True,0.0
688206:b1_staged:3:20260624,688206,688206,3,2026-06-24,39.78,2026-06-26,filled,stop_loss,-0.05,False,-0.06485671191553544,-0.06485671191553544,0,True,0.0
688206:b1_staged:4:20260624,688206,688206,4,2026-06-24,39.78,2026-06-26,filled,stop_loss,-0.05,False,-0.06485671191553544,-0.06485671191553544,0,True,0.0
688206:b1_staged:5:20260624,688206,688206,5,2026-06-24,39.78,2026-06-26,filled,stop_loss,-0.05,False,-0.06485671191553544,-0.06485671191553544,0,True,0.0
688256:b1_staged:1:20260603,688256,688256,1,2026-06-03,1378.1,2026-06-04,filled,expiry,-0.013932225527900632,False,-0.022567302808214174,-0.022567302808214174,0,False,1.0
688256:b1_staged:2:20260603,688256,688256,2,2026-06-03,1378.1,2026-06-05,filled,stop_loss,-0.05,False,-0.0658587910891808,-0.0658587910891808,0,True,0.0
688256:b1_staged:3:20260603,688256,688256,3,2026-06-03,1378.1,2026-06-05,filled,stop_loss,-0.05,False,-0.0658587910891808,-0.0658587910891808,0,True,0.0
688256:b1_staged:4:20260603,688256,688256,4,2026-06-03,1378.1,2026-06-05,filled,stop_loss,-0.05,False,-0.0658587910891808,-0.0658587910891808,0,True,0.0
688256:b1_staged:5:20260603,688256,688256,5,2026-06-03,1378.1,2026-06-05,filled,stop_loss,-0.05,False,-0.0658587910891808,-0.0658587910891808,0,True,0.0
688261:b1_staged:1:20260707,688261,688261,1,2026-07-07,99.08,2026-07-08,filled,stop_loss,-0.05,False,-0.08962454582155832,-0.08962454582155832,0,True,0.0
688261:b1_staged:2:20260707,688261,688261,2,2026-07-07,99.08,2026-07-08,filled,stop_loss,-0.05,False,-0.08962454582155832,-0.08962454582155832,0,True,0.0
688261:b1_staged:3:20260707,688261,688261,3,2026-07-07,99.08,2026-07-08,filled,stop_loss,-0.05,False,-0.08962454582155832,-0.08962454582155832,0,True,0.0
688261:b1_staged:4:20260707,688261,688261,4,2026-07-07,99.08,2026-07-08,filled,stop_loss,-0.05,False,-0.08962454582155832,-0.08962454582155832,0,True,0.0
688261:b1_staged:5:20260707,688261,688261,5,2026-07-07,99.08,2026-07-08,filled,stop_loss,-0.05,False,-0.08962454582155832,-0.08962454582155832,0,True,0.0
688313:b1_staged:1:20260603,688313,688313,1,2026-06-03,168.86,2026-06-04,filled,expiry,-0.020194243752220897,False,-0.03494018713727354,-0.03494018713727354,0,False,1.0
688313:b1_staged:2:20260603,688313,688313,2,2026-06-03,168.86,2026-06-05,filled,stop_loss,-0.05,False,-0.08800189506099731,-0.08800189506099731,0,True,0.0
688313:b1_staged:3:20260603,688313,688313,3,2026-06-03,168.86,2026-06-05,filled,stop_loss,-0.05,False,-0.08800189506099731,-0.08800189506099731,0,True,0.0
688313:b1_staged:4:20260603,688313,688313,4,2026-06-03,168.86,2026-06-05,filled,stop_loss,-0.05,False,-0.08800189506099731,-0.08800189506099731,0,True,0.0
688313:b1_staged:5:20260603,688313,688313,5,2026-06-03,168.86,2026-06-05,filled,stop_loss,-0.05,False,-0.08800189506099731,-0.08800189506099731,0,True,0.0
688313:b1_staged:1:20260615,688313,688313,1,2026-06-15,166.53,2026-06-16,filled,expiry,0.042207610240397125,True,-0.002882363538101229,-0.002882363538101229,1,False,0.6666666666666667
688313:b1_staged:2:20260615,688313,688313,2,2026-06-15,166.53,2026-06-17,filled,expiry,0.02863648191517045,True,-0.0049840869513001484,-0.0033227246342000995,1,False,0.6666666666666667
688313:b1_staged:3:20260615,688313,688313,3,2026-06-15,166.53,2026-06-18,filled,expiry,0.0523359154506695,True,-0.0049840869513001484,-0.0033227246342000995,1,False,0.6666666666666667
688313:b1_staged:4:20260615,688313,688313,4,2026-06-15,166.53,2026-06-22,filled,expiry,0.08206629436137633,True,-0.0049840869513001484,-0.0033227246342000995,2,False,0.3333333333333334
688313:b1_staged:5:20260615,688313,688313,5,2026-06-15,166.53,2026-06-23,filled,take_profit,0.1,True,-0.0049840869513001484,-0.0033227246342000995,3,False,0.0
688347:b1_staged:1:20260615,688347,688347,1,2026-06-15,238.28,2026-06-16,filled,expiry,0.0009232835319792354,True,-0.023837502098371655,-0.023837502098371655,0,False,1.0
688347:b1_staged:2:20260615,688347,688347,2,2026-06-15,238.28,2026-06-17,filled,expiry,0.07939399026355541,True,-0.03600805774718818,-0.03600805774718818,1,False,0.6666666666666667
688347:b1_staged:3:20260615,688347,688347,3,2026-06-15,238.28,2026-06-18,filled,take_profit,0.1,True,-0.03600805774718818,-0.03600805774718818,3,False,0.0
688347:b1_staged:4:20260615,688347,688347,4,2026-06-15,238.28,2026-06-18,filled,take_profit,0.1,True,-0.03600805774718818,-0.03600805774718818,3,False,0.0
688347:b1_staged:5:20260615,688347,688347,5,2026-06-15,238.28,2026-06-18,filled,take_profit,0.1,True,-0.03600805774718818,-0.03600805774718818,3,False,0.0
688347:b1_staged:1:20260706,688347,688347,1,2026-07-06,309.68,2026-07-07,filled,expiry,0.04749418754843707,True,-0.03093515887367604,-0.03093515887367604,1,False,0.6666666666666667
688347:b1_staged:2:20260706,688347,688347,2,2026-07-06,309.68,2026-07-08,filled,take_profit,0.1,True,-0.03093515887367604,-0.03093515887367604,3,False,0.0
688347:b1_staged:3:20260706,688347,688347,3,2026-07-06,309.68,2026-07-08,filled,take_profit,0.1,True,-0.03093515887367604,-0.03093515887367604,3,False,0.0
688347:b1_staged:4:20260706,688347,688347,4,2026-07-06,309.68,2026-07-08,filled,take_profit,0.1,True,-0.03093515887367604,-0.03093515887367604,3,False,0.0
688347:b1_staged:5:20260706,688347,688347,5,2026-07-06,309.68,2026-07-08,filled,take_profit,0.1,True,-0.03093515887367604,-0.03093515887367604,3,False,0.0
688396:b1_staged:1:20260615,688396,688396,1,2026-06-15,68.85,2026-06-16,filled,expiry,0.044747034616315746,True,-0.006390704429920069,-0.006390704429920069,1,False,0.6666666666666667
688396:b1_staged:2:20260615,688396,688396,2,2026-06-15,68.85,2026-06-17,filled,expiry,0.06440329218107006,True,-0.006390704429920069,-0.006390704429920069,1,False,0.6666666666666667
688396:b1_staged:3:20260615,688396,688396,3,2026-06-15,68.85,2026-06-18,filled,expiry,0.06256354393609305,True,-0.006390704429920069,-0.006390704429920069,1,False,0.6666666666666667
688396:b1_staged:4:20260615,688396,688396,4,2026-06-15,68.85,2026-06-22,filled,take_profit,0.1,True,-0.006390704429920069,-0.006390704429920069,3,False,0.0
688396:b1_staged:5:20260615,688396,688396,5,2026-06-15,68.85,2026-06-22,filled,take_profit,0.1,True,-0.006390704429920069,-0.006390704429920069,3,False,0.0
688396:b1_staged:1:20260709,688396,688396,1,2026-07-09,92.7,2026-07-10,filled,stop_loss,-0.05,False,-0.1480043149946062,-0.1480043149946062,0,True,0.0
688396:b1_staged:2:20260709,688396,688396,2,2026-07-09,92.7,2026-07-10,filled,stop_loss,-0.05,False,-0.1480043149946062,-0.1480043149946062,0,True,0.0
688396:b1_staged:3:20260709,688396,688396,3,2026-07-09,92.7,2026-07-10,filled,stop_loss,-0.05,False,-0.1480043149946062,-0.1480043149946062,0,True,0.0
688396:b1_staged:4:20260709,688396,688396,4,2026-07-09,92.7,2026-07-10,filled,stop_loss,-0.05,False,-0.1480043149946062,-0.1480043149946062,0,True,0.0
688396:b1_staged:5:20260709,688396,688396,5,2026-07-09,92.7,,insufficient_history,insufficient_history,,False,,,0,False,
688409:b1_staged:1:20260609,688409,688409,1,2026-06-09,164.59,2026-06-10,filled,expiry,0.01832735889179166,True,-0.03214047025943245,-0.03214047025943245,1,False,0.6666666666666667
688409:b1_staged:2:20260609,688409,688409,2,2026-06-09,164.59,2026-06-11,filled,expiry,0.06158636612187865,True,-0.03214047025943245,-0.03214047025943245,1,False,0.6666666666666667
688409:b1_staged:3:20260609,688409,688409,3,2026-06-09,164.59,2026-06-12,filled,take_profit,0.1,True,-0.03214047025943245,-0.03214047025943245,3,False,0.0
688409:b1_staged:4:20260609,688409,688409,4,2026-06-09,164.59,2026-06-12,filled,take_profit,0.1,True,-0.03214047025943245,-0.03214047025943245,3,False,0.0
688409:b1_staged:5:20260609,688409,688409,5,2026-06-09,164.59,2026-06-12,filled,take_profit,0.1,True,-0.03214047025943245,-0.03214047025943245,3,False,0.0
688469:b1_staged:1:20260709,688469,688469,1,2026-07-09,10.18,2026-07-10,filled,stop_loss,-0.05,False,-0.11591355599214148,-0.11591355599214148,0,True,0.0
688469:b1_staged:2:20260709,688469,688469,2,2026-07-09,10.18,2026-07-10,filled,stop_loss,-0.05,False,-0.11591355599214148,-0.11591355599214148,0,True,0.0
688469:b1_staged:3:20260709,688469,688469,3,2026-07-09,10.18,2026-07-10,filled,stop_loss,-0.05,False,-0.11591355599214148,-0.11591355599214148,0,True,0.0
688469:b1_staged:4:20260709,688469,688469,4,2026-07-09,10.18,2026-07-10,filled,stop_loss,-0.05,False,-0.11591355599214148,-0.11591355599214148,0,True,0.0
688469:b1_staged:5:20260709,688469,688469,5,2026-07-09,10.18,,insufficient_history,insufficient_history,,False,,,0,False,
688498:b1_staged:1:20260707,688498,688498,1,2026-07-07,1715.04,2026-07-08,filled,stop_loss,-0.05,False,-0.05774209347886927,-0.05774209347886927,0,True,0.0
688498:b1_staged:2:20260707,688498,688498,2,2026-07-07,1715.04,2026-07-08,filled,stop_loss,-0.05,False,-0.05774209347886927,-0.05774209347886927,0,True,0.0
688498:b1_staged:3:20260707,688498,688498,3,2026-07-07,1715.04,2026-07-08,filled,stop_loss,-0.05,False,-0.05774209347886927,-0.05774209347886927,0,True,0.0
688498:b1_staged:4:20260707,688498,688498,4,2026-07-07,1715.04,2026-07-08,filled,stop_loss,-0.05,False,-0.05774209347886927,-0.05774209347886927,0,True,0.0
688498:b1_staged:5:20260707,688498,688498,5,2026-07-07,1715.04,2026-07-08,filled,stop_loss,-0.05,False,-0.05774209347886927,-0.05774209347886927,0,True,0.0
688498:b1_staged:1:20260709,688498,688498,1,2026-07-09,1746.01,2026-07-10,filled,stop_loss,-0.05,False,-0.08305221619578351,-0.08305221619578351,0,True,0.0
688498:b1_staged:2:20260709,688498,688498,2,2026-07-09,1746.01,2026-07-10,filled,stop_loss,-0.05,False,-0.08305221619578351,-0.08305221619578351,0,True,0.0
688498:b1_staged:3:20260709,688498,688498,3,2026-07-09,1746.01,2026-07-10,filled,stop_loss,-0.05,False,-0.08305221619578351,-0.08305221619578351,0,True,0.0
688498:b1_staged:4:20260709,688498,688498,4,2026-07-09,1746.01,2026-07-10,filled,stop_loss,-0.05,False,-0.08305221619578351,-0.08305221619578351,0,True,0.0
688498:b1_staged:5:20260709,688498,688498,5,2026-07-09,1746.01,,insufficient_history,insufficient_history,,False,,,0,False,
688498:b1_staged:1:20260714,688498,688498,1,2026-07-14,1798.9,2026-07-15,filled,expiry,0.020409694813497067,True,-0.027183278670298572,-0.027183278670298572,1,False,0.6666666666666667
688498:b1_staged:2:20260714,688498,688498,2,2026-07-14,1798.9,,insufficient_history,insufficient_history,,False,,,0,False,
688498:b1_staged:3:20260714,688498,688498,3,2026-07-14,1798.9,,insufficient_history,insufficient_history,,False,,,0,False,
688498:b1_staged:4:20260714,688498,688498,4,2026-07-14,1798.9,,insufficient_history,insufficient_history,,False,,,0,False,
688498:b1_staged:5:20260714,688498,688498,5,2026-07-14,1798.9,,insufficient_history,insufficient_history,,False,,,0,False,
688502:b1_staged:1:20260709,688502,688502,1,2026-07-09,600.21,2026-07-10,filled,take_profit,0.1,True,0.0,0.0,3,False,0.0
688502:b1_staged:2:20260709,688502,688502,2,2026-07-09,600.21,2026-07-10,filled,take_profit,0.1,True,0.0,0.0,3,False,0.0
688502:b1_staged:3:20260709,688502,688502,3,2026-07-09,600.21,2026-07-10,filled,take_profit,0.1,True,0.0,0.0,3,False,0.0
688502:b1_staged:4:20260709,688502,688502,4,2026-07-09,600.21,2026-07-10,filled,take_profit,0.1,True,0.0,0.0,3,False,0.0
688502:b1_staged:5:20260709,688502,688502,5,2026-07-09,600.21,,insufficient_history,insufficient_history,,False,,,0,False,
688521:b1_staged:1:20260709,688521,688521,1,2026-07-09,328.56,2026-07-10,filled,stop_loss,-0.05,False,-0.11130387143900655,-0.11130387143900655,0,True,0.0
688521:b1_staged:2:20260709,688521,688521,2,2026-07-09,328.56,2026-07-10,filled,stop_loss,-0.05,False,-0.11130387143900655,-0.11130387143900655,0,True,0.0
688521:b1_staged:3:20260709,688521,688521,3,2026-07-09,328.56,2026-07-10,filled,stop_loss,-0.05,False,-0.11130387143900655,-0.11130387143900655,0,True,0.0
688521:b1_staged:4:20260709,688521,688521,4,2026-07-09,328.56,2026-07-10,filled,stop_loss,-0.05,False,-0.11130387143900655,-0.11130387143900655,0,True,0.0
688521:b1_staged:5:20260709,688521,688521,5,2026-07-09,328.56,,insufficient_history,insufficient_history,,False,,,0,False,
688630:b1_staged:1:20260709,688630,688630,1,2026-07-09,517.8,2026-07-10,filled,stop_loss,-0.05,False,-0.10390112012359976,-0.10390112012359976,0,True,0.0
688630:b1_staged:2:20260709,688630,688630,2,2026-07-09,517.8,2026-07-10,filled,stop_loss,-0.05,False,-0.10390112012359976,-0.10390112012359976,0,True,0.0
688630:b1_staged:3:20260709,688630,688630,3,2026-07-09,517.8,2026-07-10,filled,stop_loss,-0.05,False,-0.10390112012359976,-0.10390112012359976,0,True,0.0
688630:b1_staged:4:20260709,688630,688630,4,2026-07-09,517.8,2026-07-10,filled,stop_loss,-0.05,False,-0.10390112012359976,-0.10390112012359976,0,True,0.0
688630:b1_staged:5:20260709,688630,688630,5,2026-07-09,517.8,,insufficient_history,insufficient_history,,False,,,0,False,
688711:b1_staged:1:20260604,688711,688711,1,2026-06-04,34.47,2026-06-05,filled,stop_loss,-0.05,False,-0.06788511749347248,-0.06788511749347248,0,True,0.0
688711:b1_staged:2:20260604,688711,688711,2,2026-06-04,34.47,2026-06-05,filled,stop_loss,-0.05,False,-0.06788511749347248,-0.06788511749347248,0,True,0.0
688711:b1_staged:3:20260604,688711,688711,3,2026-06-04,34.47,2026-06-05,filled,stop_loss,-0.05,False,-0.06788511749347248,-0.06788511749347248,0,True,0.0
688711:b1_staged:4:20260604,688711,688711,4,2026-06-04,34.47,2026-06-05,filled,stop_loss,-0.05,False,-0.06788511749347248,-0.06788511749347248,0,True,0.0
688711:b1_staged:5:20260604,688711,688711,5,2026-06-04,34.47,2026-06-05,filled,stop_loss,-0.05,False,-0.06788511749347248,-0.06788511749347248,0,True,0.0
688711:b1_staged:1:20260609,688711,688711,1,2026-06-09,35.69,2026-06-10,filled,stop_loss,-0.05,False,-0.059120201737181244,-0.059120201737181244,0,True,0.0
688711:b1_staged:2:20260609,688711,688711,2,2026-06-09,35.69,2026-06-10,filled,stop_loss,-0.05,False,-0.059120201737181244,-0.059120201737181244,0,True,0.0
688711:b1_staged:3:20260609,688711,688711,3,2026-06-09,35.69,2026-06-10,filled,stop_loss,-0.05,False,-0.059120201737181244,-0.059120201737181244,0,True,0.0
688711:b1_staged:4:20260609,688711,688711,4,2026-06-09,35.69,2026-06-10,filled,stop_loss,-0.05,False,-0.059120201737181244,-0.059120201737181244,0,True,0.0
688711:b1_staged:5:20260609,688711,688711,5,2026-06-09,35.69,2026-06-10,filled,stop_loss,-0.05,False,-0.059120201737181244,-0.059120201737181244,0,True,0.0
688766:b1_staged:1:20260604,688766,688766,1,2026-06-04,427.35,2026-06-05,filled,stop_loss,-0.05,False,-0.08037908037908048,-0.08037908037908048,0,True,0.0
688766:b1_staged:2:20260604,688766,688766,2,2026-06-04,427.35,2026-06-05,filled,stop_loss,-0.05,False,-0.08037908037908048,-0.08037908037908048,0,True,0.0
688766:b1_staged:3:20260604,688766,688766,3,2026-06-04,427.35,2026-06-05,filled,stop_loss,-0.05,False,-0.08037908037908048,-0.08037908037908048,0,True,0.0
688766:b1_staged:4:20260604,688766,688766,4,2026-06-04,427.35,2026-06-05,filled,stop_loss,-0.05,False,-0.08037908037908048,-0.08037908037908048,0,True,0.0
688766:b1_staged:5:20260604,688766,688766,5,2026-06-04,427.35,2026-06-05,filled,stop_loss,-0.05,False,-0.08037908037908048,-0.08037908037908048,0,True,0.0
688766:b1_staged:1:20260709,688766,688766,1,2026-07-09,762.07,2026-07-10,filled,stop_loss,-0.05,False,-0.08013699528914675,-0.08013699528914675,0,True,0.0
688766:b1_staged:2:20260709,688766,688766,2,2026-07-09,762.07,2026-07-10,filled,stop_loss,-0.05,False,-0.08013699528914675,-0.08013699528914675,0,True,0.0
688766:b1_staged:3:20260709,688766,688766,3,2026-07-09,762.07,2026-07-10,filled,stop_loss,-0.05,False,-0.08013699528914675,-0.08013699528914675,0,True,0.0
688766:b1_staged:4:20260709,688766,688766,4,2026-07-09,762.07,2026-07-10,filled,stop_loss,-0.05,False,-0.08013699528914675,-0.08013699528914675,0,True,0.0
688766:b1_staged:5:20260709,688766,688766,5,2026-07-09,762.07,,insufficient_history,insufficient_history,,False,,,0,False,
688981:b1_staged:1:20260708,688981,688981,1,2026-07-08,152.1,2026-07-09,filled,expiry,0.09580319964935355,True,0.0,0.0,2,False,0.3333333333333334
688981:b1_staged:2:20260708,688981,688981,2,2026-07-08,152.1,2026-07-10,filled,take_profit,0.1,True,0.0,0.0,3,False,0.0
688981:b1_staged:3:20260708,688981,688981,3,2026-07-08,152.1,2026-07-10,filled,take_profit,0.1,True,0.0,0.0,3,False,0.0
688981:b1_staged:4:20260708,688981,688981,4,2026-07-08,152.1,2026-07-10,filled,take_profit,0.1,True,0.0,0.0,3,False,0.0
688981:b1_staged:5:20260708,688981,688981,5,2026-07-08,152.1,2026-07-10,filled,take_profit,0.1,True,0.0,0.0,3,False,0.0
000021:b1_staged:1:20260610,000021,000021,1,2026-06-10,38.56,2026-06-11,filled,expiry,0.013485477178423189,True,-0.030601659751037347,-0.030601659751037347,0,False,1.0
000021:b1_staged:2:20260610,000021,000021,2,2026-06-10,38.56,2026-06-12,filled,expiry,-0.00874827109266942,False,-0.045643153526971125,-0.045643153526971125,1,False,0.6666666666666667
000021:b1_staged:3:20260610,000021,000021,3,2026-06-10,38.56,2026-06-15,filled,stop_loss,-0.016666666666666673,False,-0.0544605809128631,-0.045643153526971125,1,True,0.0
000021:b1_staged:4:20260610,000021,000021,4,2026-06-10,38.56,2026-06-15,filled,stop_loss,-0.016666666666666673,False,-0.0544605809128631,-0.045643153526971125,1,True,0.0
000021:b1_staged:5:20260610,000021,000021,5,2026-06-10,38.56,2026-06-15,filled,stop_loss,-0.016666666666666673,False,-0.0544605809128631,-0.045643153526971125,1,True,0.0
000021:b1_staged:1:20260709,000021,000021,1,2026-07-09,56.24,2026-07-10,filled,expiry,0.036462778568041726,True,0.0,0.0,1,False,0.6666666666666667
000021:b1_staged:2:20260709,000021,000021,2,2026-07-09,56.24,2026-07-13,filled,stop_loss,-0.016666666666666673,False,-0.07325746799431021,-0.048838311996206814,1,True,0.0
000021:b1_staged:3:20260709,000021,000021,3,2026-07-09,56.24,2026-07-13,filled,stop_loss,-0.016666666666666673,False,-0.07325746799431021,-0.048838311996206814,1,True,0.0
000021:b1_staged:4:20260709,000021,000021,4,2026-07-09,56.24,2026-07-13,filled,stop_loss,-0.016666666666666673,False,-0.07325746799431021,-0.048838311996206814,1,True,0.0
000021:b1_staged:5:20260709,000021,000021,5,2026-07-09,56.24,,insufficient_history,insufficient_history,,False,,,0,False,
000733:b1_staged:1:20260616,000733,000733,1,2026-06-16,56.34,2026-06-17,filled,expiry,0.031771388001419876,True,-0.011714589989350488,-0.011714589989350488,0,False,1.0
000733:b1_staged:2:20260616,000733,000733,2,2026-06-16,56.34,2026-06-18,filled,expiry,0.05749023784167549,True,-0.011714589989350488,-0.011714589989350488,1,False,0.6666666666666667
000733:b1_staged:3:20260616,000733,000733,3,2026-06-16,56.34,2026-06-22,filled,expiry,0.050863803100224717,True,-0.011714589989350488,-0.011714589989350488,1,False,0.6666666666666667
000733:b1_staged:4:20260616,000733,000733,4,2026-06-16,56.34,2026-06-23,filled,expiry,0.014300082830434253,True,-0.01579694710685131,-0.011714589989350488,1,False,0.6666666666666667
000733:b1_staged:5:20260616,000733,000733,5,2026-06-16,56.34,2026-06-24,filled,expiry,0.023293101408117304,True,-0.01579694710685131,-0.011714589989350488,1,False,0.6666666666666667
000988:b1_staged:1:20260603,000988,000988,1,2026-06-03,154.39,2026-06-04,filled,expiry,0.025714100654187666,True,-0.02836971306431757,-0.02836971306431757,0,False,1.0
000988:b1_staged:2:20260603,000988,000988,2,2026-06-03,154.39,2026-06-05,filled,expiry,0.02880044044303389,True,-0.02836971306431757,-0.02836971306431757,1,False,0.6666666666666667
000988:b1_staged:3:20260603,000988,000988,3,2026-06-03,154.39,2026-06-08,filled,stop_loss,-0.016666666666666673,False,-0.05434289785607871,-0.036228598570719146,1,True,0.0
000988:b1_staged:4:20260603,000988,000988,4,2026-06-03,154.39,2026-06-08,filled,stop_loss,-0.016666666666666673,False,-0.05434289785607871,-0.036228598570719146,1,True,0.0
000988:b1_staged:5:20260603,000988,000988,5,2026-06-03,154.39,2026-06-08,filled,stop_loss,-0.016666666666666673,False,-0.05434289785607871,-0.036228598570719146,1,True,0.0
000988:b1_staged:1:20260709,000988,000988,1,2026-07-09,159.0,2026-07-10,filled,expiry,0.012767295597484225,True,-0.007547169811320642,-0.007547169811320642,1,False,0.6666666666666667
000988:b1_staged:2:20260709,000988,000988,2,2026-07-09,159.0,2026-07-13,filled,expiry,-0.003291404612159283,False,-0.04289308176100626,-0.028595387840670842,1,False,0.6666666666666667
000988:b1_staged:3:20260709,000988,000988,3,2026-07-09,159.0,2026-07-14,filled,stop_loss,-0.016666666666666673,False,-0.10377358490566035,-0.06918238993710692,1,True,0.0
000988:b1_staged:4:20260709,000988,000988,4,2026-07-09,159.0,2026-07-14,filled,stop_loss,-0.016666666666666673,False,-0.10377358490566035,-0.06918238993710692,1,True,0.0
000988:b1_staged:5:20260709,000988,000988,5,2026-07-09,159.0,,insufficient_history,insufficient_history,,False,,,0,False,
002008:b1_staged:1:20260604,002008,002008,1,2026-06-04,134.65,2026-06-05,filled,stop_loss,-0.05,False,-0.05681396212402534,-0.05681396212402534,0,True,0.0
002008:b1_staged:2:20260604,002008,002008,2,2026-06-04,134.65,2026-06-05,filled,stop_loss,-0.05,False,-0.05681396212402534,-0.05681396212402534,0,True,0.0
002008:b1_staged:3:20260604,002008,002008,3,2026-06-04,134.65,2026-06-05,filled,stop_loss,-0.05,False,-0.05681396212402534,-0.05681396212402534,0,True,0.0
002008:b1_staged:4:20260604,002008,002008,4,2026-06-04,134.65,2026-06-05,filled,stop_loss,-0.05,False,-0.05681396212402534,-0.05681396212402534,0,True,0.0
002008:b1_staged:5:20260604,002008,002008,5,2026-06-04,134.65,2026-06-05,filled,stop_loss,-0.05,False,-0.05681396212402534,-0.05681396212402534,0,True,0.0
002134:b1_staged:1:20260609,002134,002134,1,2026-06-09,28.59,2026-06-10,filled,expiry,-0.01504022385449455,False,-0.031129765652326058,-0.031129765652326058,0,False,1.0
002134:b1_staged:2:20260609,002134,002134,2,2026-06-09,28.59,2026-06-11,filled,expiry,-0.005596362364463148,False,-0.04337180832458898,-0.04337180832458898,0,False,1.0
002134:b1_staged:3:20260609,002134,002134,3,2026-06-09,28.59,2026-06-12,filled,expiry,-0.02238544945785237,False,-0.04337180832458898,-0.04337180832458898,0,False,1.0
002134:b1_staged:4:20260609,002134,002134,4,2026-06-09,28.59,2026-06-15,filled,expiry,0.01958726827562085,True,-0.04337180832458898,-0.04337180832458898,0,False,1.0
002134:b1_staged:5:20260609,002134,002134,5,2026-06-09,28.59,2026-06-16,filled,expiry,0.01364113326337879,True,-0.04337180832458898,-0.04337180832458898,0,False,1.0
002156:b1_staged:1:20260616,002156,002156,1,2026-06-16,62.93,2026-06-17,filled,expiry,0.06211398908840511,True,-0.014619418401398354,-0.014619418401398354,1,False,0.6666666666666667
002156:b1_staged:2:20260616,002156,002156,2,2026-06-16,62.93,2026-06-18,filled,expiry,0.07828539647227077,True,-0.014619418401398354,-0.014619418401398354,2,False,0.3333333333333334
002156:b1_staged:3:20260616,002156,002156,3,2026-06-16,62.93,2026-06-22,filled,expiry,0.09407013083320093,True,-0.014619418401398354,-0.014619418401398354,2,False,0.3333333333333334
002156:b1_staged:4:20260616,002156,002156,4,2026-06-16,62.93,2026-06-23,filled,expiry,0.07907993008104242,True,-0.014619418401398354,-0.014619418401398354,2,False,0.3333333333333334
002156:b1_staged:5:20260616,002156,002156,5,2026-06-16,62.93,2026-06-24,filled,take_profit,0.1,True,-0.014619418401398354,-0.014619418401398354,3,False,0.0
002156:b1_staged:1:20260709,002156,002156,1,2026-07-09,72.17,2026-07-10,filled,expiry,0.005396979354302335,True,-0.019260080365802956,-0.019260080365802956,1,False,0.6666666666666667
002156:b1_staged:2:20260709,002156,002156,2,2026-07-09,72.17,2026-07-13,filled,expiry,0.029599094730035434,True,-0.024663987806567866,-0.019260080365802956,1,False,0.6666666666666667
002156:b1_staged:3:20260709,002156,002156,3,2026-07-09,72.17,2026-07-14,filled,stop_loss,-0.016666666666666673,False,-0.05223777192739365,-0.034825181284929105,1,True,0.0
002156:b1_staged:4:20260709,002156,002156,4,2026-07-09,72.17,2026-07-14,filled,stop_loss,-0.016666666666666673,False,-0.05223777192739365,-0.034825181284929105,1,True,0.0
002156:b1_staged:5:20260709,002156,002156,5,2026-07-09,72.17,,insufficient_history,insufficient_history,,False,,,0,False,
002158:b1_staged:1:20260710,002158,002158,1,2026-07-10,36.89,2026-07-13,filled,stop_loss,-0.05,False,-0.10002710761724043,-0.10002710761724043,0,True,0.0
002158:b1_staged:2:20260710,002158,002158,2,2026-07-10,36.89,2026-07-13,filled,stop_loss,-0.05,False,-0.10002710761724043,-0.10002710761724043,0,True,0.0
002158:b1_staged:3:20260710,002158,002158,3,2026-07-10,36.89,2026-07-13,filled,stop_loss,-0.05,False,-0.10002710761724043,-0.10002710761724043,0,True,0.0
002158:b1_staged:4:20260710,002158,002158,4,2026-07-10,36.89,,insufficient_history,insufficient_history,,False,,,0,False,
002158:b1_staged:5:20260710,002158,002158,5,2026-07-10,36.89,,insufficient_history,insufficient_history,,False,,,0,False,
002185:b1_staged:1:20260616,002185,002185,1,2026-06-16,17.82,2026-06-17,filled,expiry,0.062682379349046,True,-0.02076318742985417,-0.02076318742985417,1,False,0.6666666666666667
002185:b1_staged:2:20260616,002185,002185,2,2026-06-16,17.82,2026-06-18,filled,expiry,0.0834829779274224,True,-0.02076318742985417,-0.02076318742985417,2,False,0.3333333333333334
002185:b1_staged:3:20260616,002185,002185,3,2026-06-16,17.82,2026-06-22,filled,expiry,0.09900860456416016,True,-0.02076318742985417,-0.02076318742985417,2,False,0.3333333333333334
002185:b1_staged:4:20260616,002185,002185,4,2026-06-16,17.82,2026-06-23,filled,take_profit,0.1,True,-0.02076318742985417,-0.02076318742985417,3,False,0.0
002185:b1_staged:5:20260616,002185,002185,5,2026-06-16,17.82,2026-06-23,filled,take_profit,0.1,True,-0.02076318742985417,-0.02076318742985417,3,False,0.0
002185:b1_staged:1:20260707,002185,002185,1,2026-07-07,21.93,2026-07-08,filled,stop_loss,-0.05,False,-0.056087551299589644,-0.056087551299589644,0,True,0.0
002185:b1_staged:2:20260707,002185,002185,2,2026-07-07,21.93,2026-07-08,filled,stop_loss,-0.05,False,-0.056087551299589644,-0.056087551299589644,0,True,0.0
002185:b1_staged:3:20260707,002185,002185,3,2026-07-07,21.93,2026-07-08,filled,stop_loss,-0.05,False,-0.056087551299589644,-0.056087551299589644,0,True,0.0
002185:b1_staged:4:20260707,002185,002185,4,2026-07-07,21.93,2026-07-08,filled,stop_loss,-0.05,False,-0.056087551299589644,-0.056087551299589644,0,True,0.0
002185:b1_staged:5:20260707,002185,002185,5,2026-07-07,21.93,2026-07-08,filled,stop_loss,-0.05,False,-0.056087551299589644,-0.056087551299589644,0,True,0.0
002281:b1_staged:1:20260602,002281,002281,1,2026-06-02,215.11,2026-06-03,filled,expiry,0.0442184618722204,True,0.0,0.0,1,False,0.6666666666666667
002281:b1_staged:2:20260602,002281,002281,2,2026-06-02,215.11,2026-06-04,filled,expiry,0.033557249779182646,True,0.0,0.0,1,False,0.6666666666666667
002281:b1_staged:3:20260602,002281,002281,3,2026-06-02,215.11,2026-06-05,filled,expiry,0.06932344691863077,True,0.0,0.0,2,False,0.3333333333333334
002281:b1_staged:4:20260602,002281,002281,4,2026-06-02,215.11,2026-06-08,filled,expiry,0.037417290378566,True,-0.04235042536376743,-0.014116808454589147,2,False,0.3333333333333334
002281:b1_staged:5:20260602,002281,002281,5,2026-06-02,215.11,2026-06-09,filled,stop_loss,0.033333333333333326,True,-0.07465947654688299,-0.024886492182294336,2,True,0.0
002281:b1_staged:1:20260615,002281,002281,1,2026-06-15,225.47,2026-06-16,filled,expiry,0.030090477668869506,True,0.0,0.0,1,False,0.6666666666666667
002281:b1_staged:2:20260615,002281,002281,2,2026-06-15,225.47,2026-06-17,filled,expiry,0.0655423485755681,True,-0.004435179846542736,-0.0029567865643618245,1,False,0.6666666666666667
002281:b1_staged:3:20260615,002281,002281,3,2026-06-15,225.47,2026-06-18,filled,take_profit,0.1,True,-0.004435179846542736,-0.0029567865643618245,3,False,0.0
002281:b1_staged:4:20260615,002281,002281,4,2026-06-15,225.47,2026-06-18,filled,take_profit,0.1,True,-0.004435179846542736,-0.0029567865643618245,3,False,0.0
002281:b1_staged:5:20260615,002281,002281,5,2026-06-15,225.47,2026-06-18,filled,take_profit,0.1,True,-0.004435179846542736,-0.0029567865643618245,3,False,0.0
002281:b1_staged:1:20260709,002281,002281,1,2026-07-09,238.49,2026-07-10,filled,expiry,0.0025780256334995717,True,-0.02113296154975064,-0.02113296154975064,1,False,0.6666666666666667
002281:b1_staged:2:20260709,002281,002281,2,2026-07-09,238.49,2026-07-13,filled,stop_loss,-0.016666666666666673,False,-0.10545515535242567,-0.07030343690161713,1,True,0.0
002281:b1_staged:3:20260709,002281,002281,3,2026-07-09,238.49,2026-07-13,filled,stop_loss,-0.016666666666666673,False,-0.10545515535242567,-0.07030343690161713,1,True,0.0
002281:b1_staged:4:20260709,002281,002281,4,2026-07-09,238.49,2026-07-13,filled,stop_loss,-0.016666666666666673,False,-0.10545515535242567,-0.07030343690161713,1,True,0.0
002281:b1_staged:5:20260709,002281,002281,5,2026-07-09,238.49,,insufficient_history,insufficient_history,,False,,,0,False,
002364:b1_staged:1:20260609,002364,002364,1,2026-06-09,55.14,2026-06-10,filled,stop_loss,-0.05,False,-0.08523757707653257,-0.08523757707653257,0,True,0.0
002364:b1_staged:2:20260609,002364,002364,2,2026-06-09,55.14,2026-06-10,filled,stop_loss,-0.05,False,-0.08523757707653257,-0.08523757707653257,0,True,0.0
002364:b1_staged:3:20260609,002364,002364,3,2026-06-09,55.14,2026-06-10,filled,stop_loss,-0.05,False,-0.08523757707653257,-0.08523757707653257,0,True,0.0
002364:b1_staged:4:20260609,002364,002364,4,2026-06-09,55.14,2026-06-10,filled,stop_loss,-0.05,False,-0.08523757707653257,-0.08523757707653257,0,True,0.0
002364:b1_staged:5:20260609,002364,002364,5,2026-06-09,55.14,2026-06-10,filled,stop_loss,-0.05,False,-0.08523757707653257,-0.08523757707653257,0,True,0.0
002364:b1_staged:1:20260709,002364,002364,1,2026-07-09,54.42,2026-07-10,filled,expiry,0.03663481563150801,True,0.0,0.0,1,False,0.6666666666666667
002364:b1_staged:2:20260709,002364,002364,2,2026-07-09,54.42,2026-07-13,filled,stop_loss,-0.016666666666666673,False,-0.05237045203969126,-0.03491363469312751,1,True,0.0
002364:b1_staged:3:20260709,002364,002364,3,2026-07-09,54.42,2026-07-13,filled,stop_loss,-0.016666666666666673,False,-0.05237045203969126,-0.03491363469312751,1,True,0.0
002364:b1_staged:4:20260709,002364,002364,4,2026-07-09,54.42,2026-07-13,filled,stop_loss,-0.016666666666666673,False,-0.05237045203969126,-0.03491363469312751,1,True,0.0
002364:b1_staged:5:20260709,002364,002364,5,2026-07-09,54.42,,insufficient_history,insufficient_history,,False,,,0,False,
002371:b1_staged:1:20260709,002371,002371,1,2026-07-09,878.43,2026-07-10,filled,stop_loss,-0.05,False,-0.08815728060289374,-0.08815728060289374,0,True,0.0
002371:b1_staged:2:20260709,002371,002371,2,2026-07-09,878.43,2026-07-10,filled,stop_loss,-0.05,False,-0.08815728060289374,-0.08815728060289374,0,True,0.0
002371:b1_staged:3:20260709,002371,002371,3,2026-07-09,878.43,2026-07-10,filled,stop_loss,-0.05,False,-0.08815728060289374,-0.08815728060289374,0,True,0.0
002371:b1_staged:4:20260709,002371,002371,4,2026-07-09,878.43,2026-07-10,filled,stop_loss,-0.05,False,-0.08815728060289374,-0.08815728060289374,0,True,0.0
002371:b1_staged:5:20260709,002371,002371,5,2026-07-09,878.43,,insufficient_history,insufficient_history,,False,,,0,False,
002384:b1_staged:1:20260602,002384,002384,1,2026-06-02,210.93,2026-06-03,filled,expiry,0.05794418369443262,True,0.0,0.0,1,False,0.6666666666666667
002384:b1_staged:2:20260602,002384,002384,2,2026-06-02,210.93,2026-06-04,filled,take_profit,0.1,True,0.0,0.0,3,False,0.0
002384:b1_staged:3:20260602,002384,002384,3,2026-06-02,210.93,2026-06-04,filled,take_profit,0.1,True,0.0,0.0,3,False,0.0
002384:b1_staged:4:20260602,002384,002384,4,2026-06-02,210.93,2026-06-04,filled,take_profit,0.1,True,0.0,0.0,3,False,0.0
002384:b1_staged:5:20260602,002384,002384,5,2026-06-02,210.93,2026-06-04,filled,take_profit,0.1,True,0.0,0.0,3,False,0.0
002463:b1_staged:1:20260709,002463,002463,1,2026-07-09,137.3,2026-07-10,filled,stop_loss,-0.05,False,-0.05899490167516408,-0.05899490167516408,0,True,0.0
002463:b1_staged:2:20260709,002463,002463,2,2026-07-09,137.3,2026-07-10,filled,stop_loss,-0.05,False,-0.05899490167516408,-0.05899490167516408,0,True,0.0
002463:b1_staged:3:20260709,002463,002463,3,2026-07-09,137.3,2026-07-10,filled,stop_loss,-0.05,False,-0.05899490167516408,-0.05899490167516408,0,True,0.0
002463:b1_staged:4:20260709,002463,002463,4,2026-07-09,137.3,2026-07-10,filled,stop_loss,-0.05,False,-0.05899490167516408,-0.05899490167516408,0,True,0.0
002463:b1_staged:5:20260709,002463,002463,5,2026-07-09,137.3,,insufficient_history,insufficient_history,,False,,,0,False,
002463:b1_staged:1:20260714,002463,002463,1,2026-07-14,137.13,2026-07-15,filled,expiry,0.0007292350324508146,True,0.0,0.0,0,False,1.0
002463:b1_staged:2:20260714,002463,002463,2,2026-07-14,137.13,,insufficient_history,insufficient_history,,False,,,0,False,
002463:b1_staged:3:20260714,002463,002463,3,2026-07-14,137.13,,insufficient_history,insufficient_history,,False,,,0,False,
002463:b1_staged:4:20260714,002463,002463,4,2026-07-14,137.13,,insufficient_history,insufficient_history,,False,,,0,False,
002463:b1_staged:5:20260714,002463,002463,5,2026-07-14,137.13,,insufficient_history,insufficient_history,,False,,,0,False,
002491:b1_staged:1:20260616,002491,002491,1,2026-06-16,26.1,2026-06-17,filled,expiry,0.08333333333333325,True,-0.01685823754789273,-0.01685823754789273,1,False,0.6666666666666667
002491:b1_staged:2:20260616,002491,002491,2,2026-06-16,26.1,2026-06-18,filled,take_profit,0.1,True,-0.01685823754789273,-0.01685823754789273,3,False,0.0
002491:b1_staged:3:20260616,002491,002491,3,2026-06-16,26.1,2026-06-18,filled,take_profit,0.1,True,-0.01685823754789273,-0.01685823754789273,3,False,0.0
002491:b1_staged:4:20260616,002491,002491,4,2026-06-16,26.1,2026-06-18,filled,take_profit,0.1,True,-0.01685823754789273,-0.01685823754789273,3,False,0.0
002491:b1_staged:5:20260616,002491,002491,5,2026-06-16,26.1,2026-06-18,filled,take_profit,0.1,True,-0.01685823754789273,-0.01685823754789273,3,False,0.0
002851:b1_staged:1:20260709,002851,002851,1,2026-07-09,159.59,2026-07-10,filled,expiry,0.025856883263362315,True,0.0,0.0,1,False,0.6666666666666667
002851:b1_staged:2:20260709,002851,002851,2,2026-07-09,159.59,2026-07-13,filled,expiry,0.01290703260438207,True,-0.014850554546024242,-0.009900369697349495,1,False,0.6666666666666667
002851:b1_staged:3:20260709,002851,002851,3,2026-07-09,159.59,2026-07-14,filled,expiry,0.06917622240324164,True,-0.01622908703552861,-0.010819391357019075,1,False,0.6666666666666667
002851:b1_staged:4:20260709,002851,002851,4,2026-07-09,159.59,2026-07-15,filled,expiry,0.06888171773502935,True,-0.01622908703552861,-0.010819391357019075,2,False,0.3333333333333334
002851:b1_staged:5:20260709,002851,002851,5,2026-07-09,159.59,,insufficient_history,insufficient_history,,False,,,0,False,
002916:b1_staged:1:20260709,002916,002916,1,2026-07-09,442.56,2026-07-10,filled,expiry,-0.037418655097613884,False,-0.039678235719450505,-0.039678235719450505,0,False,1.0
002916:b1_staged:2:20260709,002916,002916,2,2026-07-09,442.56,2026-07-13,filled,stop_loss,-0.05,False,-0.11937364425162689,-0.11937364425162689,0,True,0.0
002916:b1_staged:3:20260709,002916,002916,3,2026-07-09,442.56,2026-07-13,filled,stop_loss,-0.05,False,-0.11937364425162689,-0.11937364425162689,0,True,0.0
002916:b1_staged:4:20260709,002916,002916,4,2026-07-09,442.56,2026-07-13,filled,stop_loss,-0.05,False,-0.11937364425162689,-0.11937364425162689,0,True,0.0
002916:b1_staged:5:20260709,002916,002916,5,2026-07-09,442.56,,insufficient_history,insufficient_history,,False,,,0,False,
300042:b1_staged:1:20260604,300042,300042,1,2026-06-04,67.43,2026-06-05,filled,expiry,0.013347174847990306,True,-0.03410944683375372,-0.03410944683375372,0,False,1.0
300042:b1_staged:2:20260604,300042,300042,2,2026-06-04,67.43,2026-06-08,filled,stop_loss,-0.05,False,-0.051015868307874856,-0.051015868307874856,0,True,0.0
300042:b1_staged:3:20260604,300042,300042,3,2026-06-04,67.43,2026-06-08,filled,stop_loss,-0.05,False,-0.051015868307874856,-0.051015868307874856,0,True,0.0
300042:b1_staged:4:20260604,300042,300042,4,2026-06-04,67.43,2026-06-08,filled,stop_loss,-0.05,False,-0.051015868307874856,-0.051015868307874856,0,True,0.0
300042:b1_staged:5:20260604,300042,300042,5,2026-06-04,67.43,2026-06-08,filled,stop_loss,-0.05,False,-0.051015868307874856,-0.051015868307874856,0,True,0.0
300054:b1_staged:1:20260603,300054,300054,1,2026-06-03,70.4,2026-06-04,filled,expiry,0.044981060606060615,True,-0.022727272727272818,-0.022727272727272818,1,False,0.6666666666666667
300054:b1_staged:2:20260603,300054,300054,2,2026-06-03,70.4,2026-06-05,filled,expiry,0.010511363636363609,True,-0.022727272727272818,-0.022727272727272818,1,False,0.6666666666666667
300054:b1_staged:3:20260603,300054,300054,3,2026-06-03,70.4,2026-06-08,filled,stop_loss,-0.016666666666666673,False,-0.08977272727272734,-0.0598484848484849,1,True,0.0
300054:b1_staged:4:20260603,300054,300054,4,2026-06-03,70.4,2026-06-08,filled,stop_loss,-0.016666666666666673,False,-0.08977272727272734,-0.0598484848484849,1,True,0.0
300054:b1_staged:5:20260603,300054,300054,5,2026-06-03,70.4,2026-06-08,filled,stop_loss,-0.016666666666666673,False,-0.08977272727272734,-0.0598484848484849,1,True,0.0
300054:b1_staged:1:20260709,300054,300054,1,2026-07-09,95.99,2026-07-10,filled,stop_loss,-0.05,False,-0.13657672674236898,-0.13657672674236898,0,True,0.0
300054:b1_staged:2:20260709,300054,300054,2,2026-07-09,95.99,2026-07-10,filled,stop_loss,-0.05,False,-0.13657672674236898,-0.13657672674236898,0,True,0.0
300054:b1_staged:3:20260709,300054,300054,3,2026-07-09,95.99,2026-07-10,filled,stop_loss,-0.05,False,-0.13657672674236898,-0.13657672674236898,0,True,0.0
300054:b1_staged:4:20260709,300054,300054,4,2026-07-09,95.99,2026-07-10,filled,stop_loss,-0.05,False,-0.13657672674236898,-0.13657672674236898,0,True,0.0
300054:b1_staged:5:20260709,300054,300054,5,2026-07-09,95.99,,insufficient_history,insufficient_history,,False,,,0,False,
300136:b1_staged:1:20260605,300136,300136,1,2026-06-05,106.33,2026-06-08,filled,expiry,-0.025204551866829572,False,-0.04674127715602372,-0.04674127715602372,0,False,1.0
300136:b1_staged:2:20260605,300136,300136,2,2026-06-05,106.33,2026-06-09,filled,stop_loss,-0.05,False,-0.09348255431204733,-0.09348255431204733,0,True,0.0
300136:b1_staged:3:20260605,300136,300136,3,2026-06-05,106.33,2026-06-09,filled,stop_loss,-0.05,False,-0.09348255431204733,-0.09348255431204733,0,True,0.0
300136:b1_staged:4:20260605,300136,300136,4,2026-06-05,106.33,2026-06-09,filled,stop_loss,-0.05,False,-0.09348255431204733,-0.09348255431204733,0,True,0.0
300136:b1_staged:5:20260605,300136,300136,5,2026-06-05,106.33,2026-06-09,filled,stop_loss,-0.05,False,-0.09348255431204733,-0.09348255431204733,0,True,0.0
300223:b1_staged:1:20260608,300223,300223,1,2026-06-08,149.26,2026-06-09,filled,expiry,0.06414533922908568,True,-0.018491223368618415,-0.018491223368618415,1,False,0.6666666666666667
300223:b1_staged:2:20260608,300223,300223,2,2026-06-08,149.26,2026-06-10,filled,expiry,0.015282058153557527,True,-0.018491223368618415,-0.018491223368618415,1,False,0.6666666666666667
300223:b1_staged:3:20260608,300223,300223,3,2026-06-08,149.26,2026-06-11,filled,expiry,-0.00017195944436989088,False,-0.04529009781589166,-0.030193398543927778,1,False,0.6666666666666667
300223:b1_staged:4:20260608,300223,300223,4,2026-06-08,149.26,2026-06-12,filled,expiry,0.0003193532538300556,True,-0.04529009781589166,-0.030193398543927778,1,False,0.6666666666666667
300223:b1_staged:5:20260608,300223,300223,5,2026-06-08,149.26,2026-06-15,filled,expiry,0.0835879226405825,True,-0.04529009781589166,-0.030193398543927778,2,False,0.3333333333333334
300236:b1_staged:1:20260609,300236,300236,1,2026-06-09,95.8,2026-06-10,filled,expiry,0.006576200417536704,True,-0.020041753653444738,-0.020041753653444738,0,False,1.0
300236:b1_staged:2:20260609,300236,300236,2,2026-06-09,95.8,2026-06-11,filled,expiry,0.059951287404314504,True,-0.020041753653444738,-0.020041753653444738,1,False,0.6666666666666667
300236:b1_staged:3:20260609,300236,300236,3,2026-06-09,95.8,2026-06-12,filled,expiry,0.049756437021572765,True,-0.020041753653444738,-0.020041753653444738,2,False,0.3333333333333334
300236:b1_staged:4:20260609,300236,300236,4,2026-06-09,95.8,2026-06-15,filled,expiry,0.06631871955462772,True,-0.029123173277661674,-0.020041753653444738,2,False,0.3333333333333334
300236:b1_staged:5:20260609,300236,300236,5,2026-06-09,95.8,2026-06-16,filled,expiry,0.06468336812804458,True,-0.029123173277661674,-0.020041753653444738,2,False,0.3333333333333334
300236:b1_staged:1:20260709,300236,300236,1,2026-07-09,131.32,2026-07-10,filled,stop_loss,-0.05,False,-0.0925220834602497,-0.0925220834602497,0,True,0.0
300236:b1_staged:2:20260709,300236,300236,2,2026-07-09,131.32,2026-07-10,filled,stop_loss,-0.05,False,-0.0925220834602497,-0.0925220834602497,0,True,0.0
300236:b1_staged:3:20260709,300236,300236,3,2026-07-09,131.32,2026-07-10,filled,stop_loss,-0.05,False,-0.0925220834602497,-0.0925220834602497,0,True,0.0
300236:b1_staged:4:20260709,300236,300236,4,2026-07-09,131.32,2026-07-10,filled,stop_loss,-0.05,False,-0.0925220834602497,-0.0925220834602497,0,True,0.0
300236:b1_staged:5:20260709,300236,300236,5,2026-07-09,131.32,,insufficient_history,insufficient_history,,False,,,0,False,
300260:b1_staged:1:20260604,300260,300260,1,2026-06-04,60.7,2026-06-05,filled,expiry,0.06971444261394841,True,0.0,0.0,2,False,0.3333333333333334
300260:b1_staged:2:20260604,300260,300260,2,2026-06-04,60.7,2026-06-08,filled,expiry,0.05483250961010429,True,-0.0006589785831961903,-0.00021965952773206349,2,False,0.3333333333333334
300260:b1_staged:3:20260604,300260,300260,3,2026-06-04,60.7,2026-06-09,filled,take_profit,0.1,True,-0.0006589785831961903,-0.00021965952773206349,3,False,0.0
300260:b1_staged:4:20260604,300260,300260,4,2026-06-04,60.7,2026-06-09,filled,take_profit,0.1,True,-0.0006589785831961903,-0.00021965952773206349,3,False,0.0
300260:b1_staged:5:20260604,300260,300260,5,2026-06-04,60.7,2026-06-09,filled,take_profit,0.1,True,-0.0006589785831961903,-0.00021965952773206349,3,False,0.0
300260:b1_staged:1:20260709,300260,300260,1,2026-07-09,95.0,2026-07-10,filled,stop_loss,-0.05,False,-0.12484210526315787,-0.12484210526315787,0,True,0.0
300260:b1_staged:2:20260709,300260,300260,2,2026-07-09,95.0,2026-07-10,filled,stop_loss,-0.05,False,-0.12484210526315787,-0.12484210526315787,0,True,0.0
300260:b1_staged:3:20260709,300260,300260,3,2026-07-09,95.0,2026-07-10,filled,stop_loss,-0.05,False,-0.12484210526315787,-0.12484210526315787,0,True,0.0
300260:b1_staged:4:20260709,300260,300260,4,2026-07-09,95.0,2026-07-10,filled,stop_loss,-0.05,False,-0.12484210526315787,-0.12484210526315787,0,True,0.0
300260:b1_staged:5:20260709,300260,300260,5,2026-07-09,95.0,,insufficient_history,insufficient_history,,False,,,0,False,
300308:b1_staged:1:20260615,300308,300308,1,2026-06-15,1245.0,2026-06-16,filled,expiry,0.0024819277108432125,True,-0.010072289156626502,-0.010072289156626502,0,False,1.0
300308:b1_staged:2:20260615,300308,300308,2,2026-06-15,1245.0,2026-06-17,filled,expiry,0.024987951807228903,True,-0.020040160642570304,-0.020040160642570304,0,False,1.0
300308:b1_staged:3:20260615,300308,300308,3,2026-06-15,1245.0,2026-06-18,filled,expiry,0.08246586345381533,True,-0.020040160642570304,-0.020040160642570304,1,False,0.6666666666666667
300308:b1_staged:4:20260615,300308,300308,4,2026-06-15,1245.0,2026-06-22,filled,expiry,0.08676840696117802,True,-0.020040160642570304,-0.020040160642570304,2,False,0.3333333333333334
300308:b1_staged:5:20260615,300308,300308,5,2026-06-15,1245.0,2026-06-23,filled,expiry,0.06740562248995985,True,-0.020040160642570304,-0.020040160642570304,2,False,0.3333333333333334
300346:b1_staged:1:20260605,300346,300346,1,2026-06-05,57.03,2026-06-08,filled,expiry,0.0028055409433631606,True,-0.026827985270910015,-0.026827985270910015,0,False,1.0
300346:b1_staged:2:20260605,300346,300346,2,2026-06-05,57.03,2026-06-09,filled,expiry,0.08319890116313056,True,-0.026827985270910015,-0.026827985270910015,2,False,0.3333333333333334
300346:b1_staged:3:20260605,300346,300346,3,2026-06-05,57.03,2026-06-10,filled,expiry,0.07741247296744402,True,-0.026827985270910015,-0.026827985270910015,2,False,0.3333333333333334
300346:b1_staged:4:20260605,300346,300346,4,2026-06-05,57.03,2026-06-11,filled,take_profit,0.1,True,-0.026827985270910015,-0.026827985270910015,3,False,0.0
300346:b1_staged:5:20260605,300346,300346,5,2026-06-05,57.03,2026-06-11,filled,take_profit,0.1,True,-0.026827985270910015,-0.026827985270910015,3,False,0.0
300373:b1_staged:1:20260609,300373,300373,1,2026-06-09,107.88,2026-06-10,filled,stop_loss,-0.05,False,-0.08212829069336303,-0.08212829069336303,0,True,0.0
300373:b1_staged:2:20260609,300373,300373,2,2026-06-09,107.88,2026-06-10,filled,stop_loss,-0.05,False,-0.08212829069336303,-0.08212829069336303,0,True,0.0
300373:b1_staged:3:20260609,300373,300373,3,2026-06-09,107.88,2026-06-10,filled,stop_loss,-0.05,False,-0.08212829069336303,-0.08212829069336303,0,True,0.0
300373:b1_staged:4:20260609,300373,300373,4,2026-06-09,107.88,2026-06-10,filled,stop_loss,-0.05,False,-0.08212829069336303,-0.08212829069336303,0,True,0.0
300373:b1_staged:5:20260609,300373,300373,5,2026-06-09,107.88,2026-06-10,filled,stop_loss,-0.05,False,-0.08212829069336303,-0.08212829069336303,0,True,0.0
300373:b1_staged:1:20260709,300373,300373,1,2026-07-09,136.62,2026-07-10,filled,stop_loss,-0.05,False,-0.13555848338457044,-0.13555848338457044,0,True,0.0
300373:b1_staged:2:20260709,300373,300373,2,2026-07-09,136.62,2026-07-10,filled,stop_loss,-0.05,False,-0.13555848338457044,-0.13555848338457044,0,True,0.0
300373:b1_staged:3:20260709,300373,300373,3,2026-07-09,136.62,2026-07-10,filled,stop_loss,-0.05,False,-0.13555848338457044,-0.13555848338457044,0,True,0.0
300373:b1_staged:4:20260709,300373,300373,4,2026-07-09,136.62,2026-07-10,filled,stop_loss,-0.05,False,-0.13555848338457044,-0.13555848338457044,0,True,0.0
300373:b1_staged:5:20260709,300373,300373,5,2026-07-09,136.62,,insufficient_history,insufficient_history,,False,,,0,False,
300475:b1_staged:1:20260709,300475,300475,1,2026-07-09,267.98,2026-07-10,filled,expiry,0.024179665149140443,True,-0.01850884394357799,-0.01850884394357799,1,False,0.6666666666666667
300475:b1_staged:2:20260709,300475,300475,2,2026-07-09,267.98,2026-07-13,filled,stop_loss,-0.016666666666666673,False,-0.19098440182103138,-0.12732293454735427,1,True,0.0
300475:b1_staged:3:20260709,300475,300475,3,2026-07-09,267.98,2026-07-13,filled,stop_loss,-0.016666666666666673,False,-0.19098440182103138,-0.12732293454735427,1,True,0.0
300475:b1_staged:4:20260709,300475,300475,4,2026-07-09,267.98,2026-07-13,filled,stop_loss,-0.016666666666666673,False,-0.19098440182103138,-0.12732293454735427,1,True,0.0
300475:b1_staged:5:20260709,300475,300475,5,2026-07-09,267.98,,insufficient_history,insufficient_history,,False,,,0,False,
300567:b1_staged:1:20260604,300567,300567,1,2026-06-04,203.8,2026-06-05,filled,stop_loss,-0.05,False,-0.07948969578017673,-0.07948969578017673,0,True,0.0
300567:b1_staged:2:20260604,300567,300567,2,2026-06-04,203.8,2026-06-05,filled,stop_loss,-0.05,False,-0.07948969578017673,-0.07948969578017673,0,True,0.0
300567:b1_staged:3:20260604,300567,300567,3,2026-06-04,203.8,2026-06-05,filled,stop_loss,-0.05,False,-0.07948969578017673,-0.07948969578017673,0,True,0.0
300567:b1_staged:4:20260604,300567,300567,4,2026-06-04,203.8,2026-06-05,filled,stop_loss,-0.05,False,-0.07948969578017673,-0.07948969578017673,0,True,0.0
300567:b1_staged:5:20260604,300567,300567,5,2026-06-04,203.8,2026-06-05,filled,stop_loss,-0.05,False,-0.07948969578017673,-0.07948969578017673,0,True,0.0
300567:b1_staged:1:20260708,300567,300567,1,2026-07-08,297.1,,insufficient_history,insufficient_history,,False,,,0,False,
300567:b1_staged:2:20260708,300567,300567,2,2026-07-08,297.1,,insufficient_history,insufficient_history,,False,,,0,False,
300567:b1_staged:3:20260708,300567,300567,3,2026-07-08,297.1,,insufficient_history,insufficient_history,,False,,,0,False,
300567:b1_staged:4:20260708,300567,300567,4,2026-07-08,297.1,,insufficient_history,insufficient_history,,False,,,0,False,
300567:b1_staged:5:20260708,300567,300567,5,2026-07-08,297.1,,insufficient_history,insufficient_history,,False,,,0,False,
300604:b1_staged:1:20260603,300604,300604,1,2026-06-03,214.25,2026-06-04,filled,expiry,0.04498249708284717,True,-0.01516919486581092,-0.01516919486581092,1,False,0.6666666666666667
300604:b1_staged:2:20260603,300604,300604,2,2026-06-03,214.25,2026-06-05,filled,expiry,-0.006732788798133084,False,-0.04037339556592767,-0.026915597043951786,1,False,0.6666666666666667
300604:b1_staged:3:20260603,300604,300604,3,2026-06-03,214.25,2026-06-08,filled,stop_loss,-0.016666666666666673,False,-0.11318553092182027,-0.07545702061454686,1,True,0.0
300604:b1_staged:4:20260603,300604,300604,4,2026-06-03,214.25,2026-06-08,filled,stop_loss,-0.016666666666666673,False,-0.11318553092182027,-0.07545702061454686,1,True,0.0
300604:b1_staged:5:20260603,300604,300604,5,2026-06-03,214.25,2026-06-08,filled,stop_loss,-0.016666666666666673,False,-0.11318553092182027,-0.07545702061454686,1,True,0.0
300604:b1_staged:1:20260708,300604,300604,1,2026-07-08,317.22,2026-07-09,filled,take_profit,0.1,True,-0.02121556017905557,-0.02121556017905557,3,False,0.0
300604:b1_staged:2:20260708,300604,300604,2,2026-07-08,317.22,2026-07-09,filled,take_profit,0.1,True,-0.02121556017905557,-0.02121556017905557,3,False,0.0
300604:b1_staged:3:20260708,300604,300604,3,2026-07-08,317.22,2026-07-09,filled,take_profit,0.1,True,-0.02121556017905557,-0.02121556017905557,3,False,0.0
300604:b1_staged:4:20260708,300604,300604,4,2026-07-08,317.22,2026-07-09,filled,take_profit,0.1,True,-0.02121556017905557,-0.02121556017905557,3,False,0.0
300604:b1_staged:5:20260708,300604,300604,5,2026-07-08,317.22,2026-07-09,filled,take_profit,0.1,True,-0.02121556017905557,-0.02121556017905557,3,False,0.0
300620:b1_staged:1:20260615,300620,300620,1,2026-06-15,343.05,2026-06-16,filled,take_profit,0.1,True,0.0,0.0,3,False,0.0
300620:b1_staged:2:20260615,300620,300620,2,2026-06-15,343.05,2026-06-16,filled,take_profit,0.1,True,0.0,0.0,3,False,0.0
300620:b1_staged:3:20260615,300620,300620,3,2026-06-15,343.05,2026-06-16,filled,take_profit,0.1,True,0.0,0.0,3,False,0.0
300620:b1_staged:4:20260615,300620,300620,4,2026-06-15,343.05,2026-06-16,filled,take_profit,0.1,True,0.0,0.0,3,False,0.0
300620:b1_staged:5:20260615,300620,300620,5,2026-06-15,343.05,2026-06-16,filled,take_profit,0.1,True,0.0,0.0,3,False,0.0
300623:b1_staged:1:20260605,300623,300623,1,2026-06-05,33.27,2026-06-08,filled,stop_loss,-0.05,False,-0.09377817853922465,-0.09377817853922465,0,True,0.0
300623:b1_staged:2:20260605,300623,300623,2,2026-06-05,33.27,2026-06-08,filled,stop_loss,-0.05,False,-0.09377817853922465,-0.09377817853922465,0,True,0.0
300623:b1_staged:3:20260605,300623,300623,3,2026-06-05,33.27,2026-06-08,filled,stop_loss,-0.05,False,-0.09377817853922465,-0.09377817853922465,0,True,0.0
300623:b1_staged:4:20260605,300623,300623,4,2026-06-05,33.27,2026-06-08,filled,stop_loss,-0.05,False,-0.09377817853922465,-0.09377817853922465,0,True,0.0
300623:b1_staged:5:20260605,300623,300623,5,2026-06-05,33.27,2026-06-08,filled,stop_loss,-0.05,False,-0.09377817853922465,-0.09377817853922465,0,True,0.0
300623:b1_staged:1:20260708,300623,300623,1,2026-07-08,39.05,2026-07-09,filled,expiry,0.023815620998719478,True,-0.02970550576184372,-0.02970550576184372,0,False,1.0
300623:b1_staged:2:20260708,300623,300623,2,2026-07-08,39.05,2026-07-10,filled,stop_loss,-0.05,False,-0.05096030729833534,-0.05096030729833534,0,True,0.0
300623:b1_staged:3:20260708,300623,300623,3,2026-07-08,39.05,2026-07-10,filled,stop_loss,-0.05,False,-0.05096030729833534,-0.05096030729833534,0,True,0.0
300623:b1_staged:4:20260708,300623,300623,4,2026-07-08,39.05,2026-07-10,filled,stop_loss,-0.05,False,-0.05096030729833534,-0.05096030729833534,0,True,0.0
300623:b1_staged:5:20260708,300623,300623,5,2026-07-08,39.05,2026-07-10,filled,stop_loss,-0.05,False,-0.05096030729833534,-0.05096030729833534,0,True,0.0
300666:b1_staged:1:20260602,300666,300666,1,2026-06-02,209.22,2026-06-03,filled,expiry,-0.005831182487333941,False,-0.023659305993690816,-0.023659305993690816,0,False,1.0
300666:b1_staged:2:20260602,300666,300666,2,2026-06-02,209.22,2026-06-04,filled,expiry,0.0062613516872191965,True,-0.023659305993690816,-0.023659305993690816,0,False,1.0
300666:b1_staged:3:20260602,300666,300666,3,2026-06-02,209.22,2026-06-05,filled,stop_loss,-0.05,False,-0.052671828697065326,-0.052671828697065326,0,True,0.0
300666:b1_staged:4:20260602,300666,300666,4,2026-06-02,209.22,2026-06-05,filled,stop_loss,-0.05,False,-0.052671828697065326,-0.052671828697065326,0,True,0.0
300666:b1_staged:5:20260602,300666,300666,5,2026-06-02,209.22,2026-06-05,filled,stop_loss,-0.05,False,-0.052671828697065326,-0.052671828697065326,0,True,0.0
300666:b1_staged:1:20260709,300666,300666,1,2026-07-09,364.48,2026-07-10,filled,stop_loss,-0.05,False,-0.06595697980684812,-0.06595697980684812,0,True,0.0
300666:b1_staged:2:20260709,300666,300666,2,2026-07-09,364.48,2026-07-10,filled,stop_loss,-0.05,False,-0.06595697980684812,-0.06595697980684812,0,True,0.0
300666:b1_staged:3:20260709,300666,300666,3,2026-07-09,364.48,2026-07-10,filled,stop_loss,-0.05,False,-0.06595697980684812,-0.06595697980684812,0,True,0.0
300666:b1_staged:4:20260709,300666,300666,4,2026-07-09,364.48,2026-07-10,filled,stop_loss,-0.05,False,-0.06595697980684812,-0.06595697980684812,0,True,0.0
300666:b1_staged:5:20260709,300666,300666,5,2026-07-09,364.48,,insufficient_history,insufficient_history,,False,,,0,False,
300726:b1_staged:1:20260615,300726,300726,1,2026-06-15,72.41,2026-06-16,filled,take_profit,0.1,True,0.0,0.0,3,False,0.0
300726:b1_staged:2:20260615,300726,300726,2,2026-06-15,72.41,2026-06-16,filled,take_profit,0.1,True,0.0,0.0,3,False,0.0
300726:b1_staged:3:20260615,300726,300726,3,2026-06-15,72.41,2026-06-16,filled,take_profit,0.1,True,0.0,0.0,3,False,0.0
300726:b1_staged:4:20260615,300726,300726,4,2026-06-15,72.41,2026-06-16,filled,take_profit,0.1,True,0.0,0.0,3,False,0.0
300726:b1_staged:5:20260615,300726,300726,5,2026-06-15,72.41,2026-06-16,filled,take_profit,0.1,True,0.0,0.0,3,False,0.0
300751:b1_staged:1:20260709,300751,300751,1,2026-07-09,278.61,2026-07-10,filled,expiry,-0.041671153224938084,False,-0.041671153224938084,-0.041671153224938084,0,False,1.0
300751:b1_staged:2:20260709,300751,300751,2,2026-07-09,278.61,2026-07-13,filled,stop_loss,-0.05,False,-0.12756182477298017,-0.12756182477298017,0,True,0.0
300751:b1_staged:3:20260709,300751,300751,3,2026-07-09,278.61,2026-07-13,filled,stop_loss,-0.05,False,-0.12756182477298017,-0.12756182477298017,0,True,0.0
300751:b1_staged:4:20260709,300751,300751,4,2026-07-09,278.61,2026-07-13,filled,stop_loss,-0.05,False,-0.12756182477298017,-0.12756182477298017,0,True,0.0
300751:b1_staged:5:20260709,300751,300751,5,2026-07-09,278.61,,insufficient_history,insufficient_history,,False,,,0,False,
300757:b1_staged:1:20260615,300757,300757,1,2026-06-15,636.66,2026-06-16,filled,expiry,0.02095309898532971,True,-0.015487073163069742,-0.015487073163069742,0,False,1.0
300757:b1_staged:2:20260615,300757,300757,2,2026-06-15,636.66,2026-06-17,filled,expiry,0.041326610749850806,True,-0.015487073163069742,-0.015487073163069742,1,False,0.6666666666666667
300757:b1_staged:3:20260615,300757,300757,3,2026-06-15,636.66,2026-06-18,filled,expiry,0.0473895014607483,True,-0.015487073163069742,-0.015487073163069742,1,False,0.6666666666666667
300757:b1_staged:4:20260615,300757,300757,4,2026-06-15,636.66,2026-06-22,filled,stop_loss,-0.016666666666666673,False,-0.0654352401595828,-0.04362349343972187,1,True,0.0
300757:b1_staged:5:20260615,300757,300757,5,2026-06-15,636.66,2026-06-22,filled,stop_loss,-0.016666666666666673,False,-0.0654352401595828,-0.04362349343972187,1,True,0.0
300776:b1_staged:1:20260604,300776,300776,1,2026-06-04,164.3,2026-06-05,filled,expiry,0.06188882126191926,True,-0.046865489957395146,-0.046865489957395146,2,False,0.3333333333333334
300776:b1_staged:2:20260604,300776,300776,2,2026-06-04,164.3,2026-06-08,filled,expiry,0.04939135727328055,True,-0.046865489957395146,-0.046865489957395146,2,False,0.3333333333333334
300776:b1_staged:3:20260604,300776,300776,3,2026-06-04,164.3,2026-06-09,filled,stop_loss,0.033333333333333326,True,-0.05782105903834445,-0.046865489957395146,2,True,0.0
300776:b1_staged:4:20260604,300776,300776,4,2026-06-04,164.3,2026-06-09,filled,stop_loss,0.033333333333333326,True,-0.05782105903834445,-0.046865489957395146,2,True,0.0
300776:b1_staged:5:20260604,300776,300776,5,2026-06-04,164.3,2026-06-09,filled,stop_loss,0.033333333333333326,True,-0.05782105903834445,-0.046865489957395146,2,True,0.0
300990:b1_staged:1:20260703,300990,300990,1,2026-07-03,100.1,2026-07-06,filled,expiry,0.04663669663669659,True,0.0,0.0,1,False,0.6666666666666667
300990:b1_staged:2:20260703,300990,300990,2,2026-07-03,100.1,2026-07-07,filled,expiry,0.022594072594072666,True,0.0,0.0,1,False,0.6666666666666667
300990:b1_staged:3:20260703,300990,300990,3,2026-07-03,100.1,2026-07-08,filled,expiry,0.001481851481851447,True,-0.02397602397602394,-0.015984015984015963,1,False,0.6666666666666667
300990:b1_staged:4:20260703,300990,300990,4,2026-07-03,100.1,2026-07-09,filled,stop_loss,-0.016666666666666673,False,-0.06763236763236757,-0.045088245088245056,1,True,0.0
300990:b1_staged:5:20260703,300990,300990,5,2026-07-03,100.1,2026-07-09,filled,stop_loss,-0.016666666666666673,False,-0.06763236763236757,-0.045088245088245056,1,True,0.0
301095:b1_staged:1:20260603,301095,301095,1,2026-06-03,103.68,2026-06-04,filled,expiry,-0.03645833333333337,False,-0.046199845679012363,-0.046199845679012363,0,False,1.0
301095:b1_staged:2:20260603,301095,301095,2,2026-06-03,103.68,2026-06-05,filled,stop_loss,-0.05,False,-0.07696759259259267,-0.07696759259259267,0,True,0.0
301095:b1_staged:3:20260603,301095,301095,3,2026-06-03,103.68,2026-06-05,filled,stop_loss,-0.05,False,-0.07696759259259267,-0.07696759259259267,0,True,0.0
301095:b1_staged:4:20260603,301095,301095,4,2026-06-03,103.68,2026-06-05,filled,stop_loss,-0.05,False,-0.07696759259259267,-0.07696759259259267,0,True,0.0
301095:b1_staged:5:20260603,301095,301095,5,2026-06-03,103.68,2026-06-05,filled,stop_loss,-0.05,False,-0.07696759259259267,-0.07696759259259267,0,True,0.0
301200:b1_staged:1:20260612,301200,301200,1,2026-06-12,277.0,2026-06-15,filled,expiry,0.08297232250300839,True,-0.014440433212996373,-0.014440433212996373,2,False,0.3333333333333334
301200:b1_staged:2:20260612,301200,301200,2,2026-06-12,277.0,2026-06-16,filled,take_profit,0.1,True,-0.014440433212996373,-0.014440433212996373,3,False,0.0
301200:b1_staged:3:20260612,301200,301200,3,2026-06-12,277.0,2026-06-16,filled,take_profit,0.1,True,-0.014440433212996373,-0.014440433212996373,3,False,0.0
301200:b1_staged:4:20260612,301200,301200,4,2026-06-12,277.0,2026-06-16,filled,take_profit,0.1,True,-0.014440433212996373,-0.014440433212996373,3,False,0.0
301200:b1_staged:5:20260612,301200,301200,5,2026-06-12,277.0,2026-06-16,filled,take_profit,0.1,True,-0.014440433212996373,-0.014440433212996373,3,False,0.0
301308:b1_staged:1:20260603,301308,301308,1,2026-06-03,532.51,2026-06-04,filled,expiry,0.061698684844729096,True,-0.014103021539501603,-0.014103021539501603,1,False,0.6666666666666667
301308:b1_staged:2:20260603,301308,301308,2,2026-06-03,532.51,2026-06-05,filled,expiry,0.0010175082784047995,True,-0.023492516572458766,-0.015661677714972514,1,False,0.6666666666666667
301308:b1_staged:3:20260603,301308,301308,3,2026-06-03,532.51,2026-06-08,filled,stop_loss,-0.016666666666666673,False,-0.11738746690202995,-0.07825831126801998,1,True,0.0
301308:b1_staged:4:20260603,301308,301308,4,2026-06-03,532.51,2026-06-08,filled,stop_loss,-0.016666666666666673,False,-0.11738746690202995,-0.07825831126801998,1,True,0.0
301308:b1_staged:5:20260603,301308,301308,5,2026-06-03,532.51,2026-06-08,filled,stop_loss,-0.016666666666666673,False,-0.11738746690202995,-0.07825831126801998,1,True,0.0
301308:b1_staged:1:20260706,301308,301308,1,2026-07-06,681.8,2026-07-07,filled,stop_loss,-0.05,False,-0.09078908770900551,-0.09078908770900551,0,True,0.0
301308:b1_staged:2:20260706,301308,301308,2,2026-07-06,681.8,2026-07-07,filled,stop_loss,-0.05,False,-0.09078908770900551,-0.09078908770900551,0,True,0.0
301308:b1_staged:3:20260706,301308,301308,3,2026-07-06,681.8,2026-07-07,filled,stop_loss,-0.05,False,-0.09078908770900551,-0.09078908770900551,0,True,0.0
301308:b1_staged:4:20260706,301308,301308,4,2026-07-06,681.8,2026-07-07,filled,stop_loss,-0.05,False,-0.09078908770900551,-0.09078908770900551,0,True,0.0
301308:b1_staged:5:20260706,301308,301308,5,2026-07-06,681.8,2026-07-07,filled,stop_loss,-0.05,False,-0.09078908770900551,-0.09078908770900551,0,True,0.0
301369:b1_staged:1:20260708,301369,301369,1,2026-07-08,235.5,2026-07-09,filled,stop_loss,-0.05,False,-0.06581740976645434,-0.06581740976645434,0,True,0.0
301369:b1_staged:2:20260708,301369,301369,2,2026-07-08,235.5,2026-07-09,filled,stop_loss,-0.05,False,-0.06581740976645434,-0.06581740976645434,0,True,0.0
301369:b1_staged:3:20260708,301369,301369,3,2026-07-08,235.5,2026-07-09,filled,stop_loss,-0.05,False,-0.06581740976645434,-0.06581740976645434,0,True,0.0
301369:b1_staged:4:20260708,301369,301369,4,2026-07-08,235.5,2026-07-09,filled,stop_loss,-0.05,False,-0.06581740976645434,-0.06581740976645434,0,True,0.0
301369:b1_staged:5:20260708,301369,301369,5,2026-07-08,235.5,2026-07-09,filled,stop_loss,-0.05,False,-0.06581740976645434,-0.06581740976645434,0,True,0.0
