event_id,code,name,horizon,signal_date,buy_close,exit_date,exit_close,net_return,max_intraday_drawdown,max_close_drawdown,status
600110:b1_close:1:20260703,600110,600110,1,2026-07-03,15.75,2026-07-06,14.39,-0.08634920634920629,-0.09841269841269851,-0.08634920634920629,filled
600110:b1_close:2:20260703,600110,600110,2,2026-07-03,15.75,2026-07-07,15.23,-0.03301587301587294,-0.09841269841269851,-0.08634920634920629,filled
600110:b1_close:3:20260703,600110,600110,3,2026-07-03,15.75,2026-07-08,13.71,-0.12952380952380949,-0.12952380952380949,-0.12952380952380949,filled
600110:b1_close:4:20260703,600110,600110,4,2026-07-03,15.75,2026-07-09,13.44,-0.14666666666666672,-0.20253968253968246,-0.14666666666666672,filled
600110:b1_close:5:20260703,600110,600110,5,2026-07-03,15.75,2026-07-10,12.82,-0.186031746031746,-0.20253968253968246,-0.186031746031746,filled
600176:b1_close:1:20260609,600176,600176,1,2026-06-09,39.12,2026-06-10,39.37,0.006390593047034709,-0.005623721881390598,0.0,filled
600176:b1_close:2:20260609,600176,600176,2,2026-06-09,39.12,2026-06-11,41.07,0.049846625766871266,-0.02862985685071573,0.0,filled
600176:b1_close:3:20260609,600176,600176,3,2026-06-09,39.12,2026-06-12,41.61,0.06365030674846639,-0.02862985685071573,0.0,filled
600176:b1_close:4:20260609,600176,600176,4,2026-06-09,39.12,2026-06-15,45.77,0.169989775051125,-0.02862985685071573,0.0,filled
600176:b1_close:5:20260609,600176,600176,5,2026-06-09,39.12,2026-06-16,49.64,0.268916155419223,-0.02862985685071573,0.0,filled
600246:b1_close:1:20260707,600246,600246,1,2026-07-07,18.6,2026-07-08,19.5,0.048387096774193505,-0.012903225806451757,0.0,filled
600246:b1_close:2:20260707,600246,600246,2,2026-07-07,18.6,2026-07-09,20.79,0.11774193548387091,-0.012903225806451757,0.0,filled
600246:b1_close:3:20260707,600246,600246,3,2026-07-07,18.6,2026-07-10,19.8,0.06451612903225801,-0.012903225806451757,0.0,filled
600246:b1_close:4:20260707,600246,600246,4,2026-07-07,18.6,2026-07-13,19.91,0.07043010752688161,-0.012903225806451757,0.0,filled
600246:b1_close:5:20260707,600246,600246,5,2026-07-07,18.6,2026-07-14,19.17,0.030645161290322687,-0.012903225806451757,0.0,filled
600367:b1_close:1:20260626,600367,600367,1,2026-06-26,58.28,2026-06-29,57.21,-0.0183596431022649,-0.05610844200411813,-0.0183596431022649,filled
600367:b1_close:2:20260626,600367,600367,2,2026-06-26,58.28,2026-06-30,62.93,0.07978723404255317,-0.05610844200411813,-0.0183596431022649,filled
600367:b1_close:3:20260626,600367,600367,3,2026-06-26,58.28,2026-07-01,63.8,0.09471516815374059,-0.05610844200411813,-0.0183596431022649,filled
600367:b1_close:4:20260626,600367,600367,4,2026-06-26,58.28,2026-07-02,58.28,0.0,-0.05610844200411813,-0.0183596431022649,filled
600367:b1_close:5:20260626,600367,600367,5,2026-06-26,58.28,2026-07-03,52.98,-0.09094028826355527,-0.09557309540150993,-0.09094028826355527,filled
600460:b1_close:1:20260615,600460,600460,1,2026-06-15,35.37,2026-06-16,38.28,0.08227311280746408,0.0,0.0,filled
600460:b1_close:2:20260615,600460,600460,2,2026-06-15,35.37,2026-06-17,40.83,0.15436810856658179,0.0,0.0,filled
600460:b1_close:3:20260615,600460,600460,3,2026-06-15,35.37,2026-06-18,41.83,0.18264065592309864,0.0,0.0,filled
600460:b1_close:4:20260615,600460,600460,4,2026-06-15,35.37,2026-06-22,44.8,0.26661012157195363,0.0,0.0,filled
600460:b1_close:5:20260615,600460,600460,5,2026-06-15,35.37,2026-06-23,47.04,0.32994062765055143,0.0,0.0,filled
600460:b1_close:1:20260709,600460,600460,1,2026-07-09,48.4,2026-07-10,44.51,-0.0803719008264463,-0.08429752066115703,-0.0803719008264463,filled
600460:b1_close:2:20260709,600460,600460,2,2026-07-09,48.4,2026-07-13,41.93,-0.13367768595041318,-0.14090909090909087,-0.13367768595041318,filled
600460:b1_close:3:20260709,600460,600460,3,2026-07-09,48.4,2026-07-14,41.8,-0.13636363636363635,-0.18739669421487604,-0.13636363636363635,filled
600460:b1_close:4:20260709,600460,600460,4,2026-07-09,48.4,2026-07-15,38.57,-0.20309917355371898,-0.2047520661157024,-0.20309917355371898,filled
600460:b1_close:5:20260709,600460,600460,5,2026-07-09,48.4,,,,,,insufficient_history
600584:b1_close:1:20260615,600584,600584,1,2026-06-15,74.32,2026-06-16,76.93,0.03511840688912837,0.0,0.0,filled
600584:b1_close:2:20260615,600584,600584,2,2026-06-15,74.32,2026-06-17,81.76,0.1001076426264802,0.0,0.0,filled
600584:b1_close:3:20260615,600584,600584,3,2026-06-15,74.32,2026-06-18,83.03,0.11719590958019377,0.0,0.0,filled
600584:b1_close:4:20260615,600584,600584,4,2026-06-15,74.32,2026-06-22,91.33,0.22887513455328312,0.0,0.0,filled
600584:b1_close:5:20260615,600584,600584,5,2026-06-15,74.32,2026-06-23,86.09,0.15836921420882688,0.0,0.0,filled
600601:b1_close:1:20260612,600601,600601,1,2026-06-12,12.89,2026-06-15,13.45,0.04344453064390996,-0.018619084561675714,0.0,filled
600601:b1_close:2:20260612,600601,600601,2,2026-06-12,12.89,2026-06-16,14.1,0.09387121799844844,-0.018619084561675714,0.0,filled
600601:b1_close:3:20260612,600601,600601,3,2026-06-12,12.89,2026-06-17,14.35,0.1132660977501938,-0.018619084561675714,0.0,filled
600601:b1_close:4:20260612,600601,600601,4,2026-06-12,12.89,2026-06-18,14.4,0.11714507370054306,-0.018619084561675714,0.0,filled
600601:b1_close:5:20260612,600601,600601,5,2026-06-12,12.89,2026-06-22,14.05,0.08999224204809941,-0.018619084561675714,0.0,filled
600707:b1_close:1:20260604,600707,600707,1,2026-06-04,10.95,2026-06-05,11.71,0.06940639269406401,-0.05022831050228305,0.0,filled
600707:b1_close:2:20260604,600707,600707,2,2026-06-04,10.95,2026-06-08,11.76,0.07397260273972606,-0.05022831050228305,0.0,filled
600707:b1_close:3:20260604,600707,600707,3,2026-06-04,10.95,2026-06-09,12.45,0.13698630136986312,-0.05022831050228305,0.0,filled
600707:b1_close:4:20260604,600707,600707,4,2026-06-04,10.95,2026-06-10,11.33,0.03470319634703212,-0.05022831050228305,0.0,filled
600707:b1_close:5:20260604,600707,600707,5,2026-06-04,10.95,2026-06-11,10.61,-0.031050228310502304,-0.05205479452054784,-0.031050228310502304,filled
600707:b1_close:1:20260616,600707,600707,1,2026-06-16,11.51,2026-06-17,12.66,0.09991311902693312,-0.01650738488271064,0.0,filled
600707:b1_close:2:20260616,600707,600707,2,2026-06-16,11.51,2026-06-18,11.71,0.017376194613379692,-0.01650738488271064,0.0,filled
600707:b1_close:3:20260616,600707,600707,3,2026-06-16,11.51,2026-06-22,12.4,0.07732406602953956,-0.01650738488271064,0.0,filled
600707:b1_close:4:20260616,600707,600707,4,2026-06-16,11.51,2026-06-23,13.64,0.18505647263249347,-0.01650738488271064,0.0,filled
600707:b1_close:5:20260616,600707,600707,5,2026-06-16,11.51,2026-06-24,13.53,0.17549956559513458,-0.01650738488271064,0.0,filled
601138:b1_close:1:20260615,601138,601138,1,2026-06-15,73.4,2026-06-16,72.9,-0.006811989100817484,-0.012261580381471515,-0.006811989100817484,filled
601138:b1_close:2:20260615,601138,601138,2,2026-06-15,73.4,2026-06-17,72.64,-0.010354223433242549,-0.032697547683923744,-0.010354223433242549,filled
601138:b1_close:3:20260615,601138,601138,3,2026-06-15,73.4,2026-06-18,78.08,0.06376021798365117,-0.032697547683923744,-0.010354223433242549,filled
601138:b1_close:4:20260615,601138,601138,4,2026-06-15,73.4,2026-06-22,78.88,0.07465940054495901,-0.032697547683923744,-0.010354223433242549,filled
601138:b1_close:5:20260615,601138,601138,5,2026-06-15,73.4,2026-06-23,74.1,0.009536784741144277,-0.032697547683923744,-0.010354223433242549,filled
601636:b1_close:1:20260605,601636,601636,1,2026-06-05,7.03,2026-06-08,6.78,-0.03556187766714081,-0.04125177809388336,-0.03556187766714081,filled
601636:b1_close:2:20260605,601636,601636,2,2026-06-05,7.03,2026-06-09,7.19,0.022759601706970223,-0.073968705547653,-0.03556187766714081,filled
601636:b1_close:3:20260605,601636,601636,3,2026-06-05,7.03,2026-06-10,6.6,-0.06116642958748231,-0.073968705547653,-0.06116642958748231,filled
601636:b1_close:4:20260605,601636,601636,4,2026-06-05,7.03,2026-06-11,6.63,-0.056899004267425335,-0.09530583214793742,-0.06116642958748231,filled
601636:b1_close:5:20260605,601636,601636,5,2026-06-05,7.03,2026-06-12,6.51,-0.073968705547653,-0.09957325746799428,-0.073968705547653,filled
603005:b1_close:1:20260709,603005,603005,1,2026-07-09,45.19,2026-07-10,43.97,-0.026997123257357813,-0.026997123257357813,-0.026997123257357813,filled
603005:b1_close:2:20260709,603005,603005,2,2026-07-09,45.19,2026-07-13,41.18,-0.08873644611639742,-0.0927196282363354,-0.08873644611639742,filled
603005:b1_close:3:20260709,603005,603005,3,2026-07-09,45.19,2026-07-14,40.36,-0.10688205355167069,-0.15534410267758347,-0.10688205355167069,filled
603005:b1_close:4:20260709,603005,603005,4,2026-07-09,45.19,2026-07-15,37.0,-0.18123478645718072,-0.18831599911484842,-0.18123478645718072,filled
603005:b1_close:5:20260709,603005,603005,5,2026-07-09,45.19,,,,,,insufficient_history
603019:b1_close:1:20260708,603019,603019,1,2026-07-08,98.15,2026-07-09,103.99,0.05950076413652572,-0.0200713194090677,0.0,filled
603019:b1_close:2:20260708,603019,603019,2,2026-07-08,98.15,2026-07-10,107.5,0.09526235354049928,-0.0200713194090677,0.0,filled
603019:b1_close:3:20260708,603019,603019,3,2026-07-08,98.15,2026-07-13,106.13,0.08130412633723871,-0.0200713194090677,0.0,filled
603019:b1_close:4:20260708,603019,603019,4,2026-07-08,98.15,2026-07-14,101.9,0.03820682628629646,-0.025369332654100907,0.0,filled
603019:b1_close:5:20260708,603019,603019,5,2026-07-08,98.15,2026-07-15,96.76,-0.01416199694345388,-0.025369332654100907,-0.01416199694345388,filled
603228:b1_close:1:20260610,603228,603228,1,2026-06-10,75.34,2026-06-11,75.8,0.00610565436687005,-0.023626227767454266,0.0,filled
603228:b1_close:2:20260610,603228,603228,2,2026-06-10,75.34,2026-06-12,73.1,-0.02973188213432454,-0.02973188213432454,-0.02973188213432454,filled
603228:b1_close:3:20260610,603228,603228,3,2026-06-10,75.34,2026-06-15,79.48,0.054950889301831785,-0.02973188213432454,-0.02973188213432454,filled
603228:b1_close:4:20260610,603228,603228,4,2026-06-10,75.34,2026-06-16,78.15,0.037297584284576635,-0.02973188213432454,-0.02973188213432454,filled
603228:b1_close:5:20260610,603228,603228,5,2026-06-10,75.34,2026-06-17,80.76,0.07194053623573127,-0.02973188213432454,-0.02973188213432454,filled
603228:b1_close:1:20260625,603228,603228,1,2026-06-25,77.63,2026-06-26,72.63,-0.06440808965606082,-0.07484220018034271,-0.06440808965606082,filled
603228:b1_close:2:20260625,603228,603228,2,2026-06-25,77.63,2026-06-29,68.59,-0.1164498260981578,-0.13693159860878523,-0.1164498260981578,filled
603228:b1_close:3:20260625,603228,603228,3,2026-06-25,77.63,2026-06-30,72.41,-0.0672420456009275,-0.13693159860878523,-0.1164498260981578,filled
603228:b1_close:4:20260625,603228,603228,4,2026-06-25,77.63,2026-07-01,68.21,-0.12134484091201858,-0.13693159860878523,-0.12134484091201858,filled
603228:b1_close:5:20260625,603228,603228,5,2026-06-25,77.63,2026-07-02,66.17,-0.14762334149169132,-0.1755764524024217,-0.14762334149169132,filled
603267:b1_close:1:20260616,603267,603267,1,2026-06-16,72.23,2026-06-17,75.0,0.038349716184410854,-0.012183303336563922,0.0,filled
603267:b1_close:2:20260616,603267,603267,2,2026-06-16,72.23,2026-06-18,76.37,0.05731690433337944,-0.012183303336563922,0.0,filled
603267:b1_close:3:20260616,603267,603267,3,2026-06-16,72.23,2026-06-22,75.63,0.04707185380035983,-0.012183303336563922,0.0,filled
603267:b1_close:4:20260616,603267,603267,4,2026-06-16,72.23,2026-06-23,71.96,-0.0037380589782640694,-0.02256680049840798,-0.0037380589782640694,filled
603267:b1_close:5:20260616,603267,603267,5,2026-06-16,72.23,2026-06-24,76.0,0.052194379066869745,-0.02256680049840798,-0.0037380589782640694,filled
603650:b1_close:1:20260709,603650,603650,1,2026-07-09,89.56,2026-07-10,82.75,-0.07603841000446632,-0.07815989280928981,-0.07603841000446632,filled
603650:b1_close:2:20260709,603650,603650,2,2026-07-09,89.56,2026-07-13,79.62,-0.11098704778919155,-0.1146717284502009,-0.11098704778919155,filled
603650:b1_close:3:20260709,603650,603650,3,2026-07-09,89.56,2026-07-14,78.89,-0.1191380080393033,-0.16491737382760152,-0.1191380080393033,filled
603650:b1_close:4:20260709,603650,603650,4,2026-07-09,89.56,2026-07-15,74.45,-0.16871371147833858,-0.1758597588209022,-0.16871371147833858,filled
603650:b1_close:5:20260709,603650,603650,5,2026-07-09,89.56,,,,,,insufficient_history
603688:b1_close:1:20260605,603688,603688,1,2026-06-05,69.49,2026-06-08,67.93,-0.022449273276730297,-0.07252842135559068,-0.022449273276730297,filled
603688:b1_close:2:20260605,603688,603688,2,2026-06-05,69.49,2026-06-09,74.72,0.07526262771621828,-0.07252842135559068,-0.022449273276730297,filled
603688:b1_close:3:20260605,603688,603688,3,2026-06-05,69.49,2026-06-10,73.31,0.0549719384084042,-0.07252842135559068,-0.022449273276730297,filled
603688:b1_close:4:20260605,603688,603688,4,2026-06-05,69.49,2026-06-11,76.15,0.09584112821988788,-0.07252842135559068,-0.022449273276730297,filled
603688:b1_close:5:20260605,603688,603688,5,2026-06-05,69.49,2026-06-12,70.89,0.020146783709886318,-0.07252842135559068,-0.022449273276730297,filled
603986:b1_close:1:20260709,603986,603986,1,2026-07-09,663.49,2026-07-10,612.0,-0.07760478680914562,-0.0848694027038841,-0.07760478680914562,filled
603986:b1_close:2:20260709,603986,603986,2,2026-07-09,663.49,2026-07-13,550.8,-0.16984430812823115,-0.16984430812823115,-0.16984430812823115,filled
603986:b1_close:3:20260709,603986,603986,3,2026-07-09,663.49,2026-07-14,583.99,-0.11982094681155708,-0.19429079564123042,-0.16984430812823115,filled
603986:b1_close:4:20260709,603986,603986,4,2026-07-09,663.49,2026-07-15,571.79,-0.13820856380653823,-0.19429079564123042,-0.16984430812823115,filled
603986:b1_close:5:20260709,603986,603986,5,2026-07-09,663.49,,,,,,insufficient_history
688003:b1_close:1:20260603,688003,688003,1,2026-06-03,111.31,2026-06-04,107.9,-0.03063516305812597,-0.05219656814302398,-0.03063516305812597,filled
688003:b1_close:2:20260603,688003,688003,2,2026-06-03,111.31,2026-06-05,105.0,-0.056688527535711075,-0.07573443536070434,-0.056688527535711075,filled
688003:b1_close:3:20260603,688003,688003,3,2026-06-03,111.31,2026-06-08,110.38,-0.008355044470398032,-0.12658341568592224,-0.056688527535711075,filled
688003:b1_close:4:20260603,688003,688003,4,2026-06-03,111.31,2026-06-09,101.3,-0.08992902704159556,-0.12658341568592224,-0.08992902704159556,filled
688003:b1_close:5:20260603,688003,688003,5,2026-06-03,111.31,2026-06-10,98.52,-0.11490432126493577,-0.17078429610996326,-0.11490432126493577,filled
688003:b1_close:1:20260612,688003,688003,1,2026-06-12,105.49,2026-06-15,108.6,0.02948146743767177,-0.023414541662716837,0.0,filled
688003:b1_close:2:20260612,688003,688003,2,2026-06-12,105.49,2026-06-16,109.36,0.03668594179543083,-0.023414541662716837,0.0,filled
688003:b1_close:3:20260612,688003,688003,3,2026-06-12,105.49,2026-06-17,116.2,0.10152621101526216,-0.023414541662716837,0.0,filled
688003:b1_close:4:20260612,688003,688003,4,2026-06-12,105.49,2026-06-18,124.42,0.1794482889373401,-0.023414541662716837,0.0,filled
688003:b1_close:5:20260612,688003,688003,5,2026-06-12,105.49,2026-06-22,115.0,0.09015072518722156,-0.023414541662716837,0.0,filled
688008:b1_close:1:20260603,688008,688008,1,2026-06-03,253.9,2026-06-04,259.67,0.02272548247341466,-0.023198109491926022,0.0,filled
688008:b1_close:2:20260603,688008,688008,2,2026-06-03,253.9,2026-06-05,239.39,-0.057148483654982374,-0.06415911776289873,-0.057148483654982374,filled
688008:b1_close:3:20260603,688008,688008,3,2026-06-03,253.9,2026-06-08,224.31,-0.11654194564789289,-0.1295785742418275,-0.11654194564789289,filled
688008:b1_close:4:20260603,688008,688008,4,2026-06-03,253.9,2026-06-09,236.4,-0.06892477353288695,-0.1295785742418275,-0.11654194564789289,filled
688008:b1_close:5:20260603,688008,688008,5,2026-06-03,253.9,2026-06-10,231.0,-0.09019298936589215,-0.1295785742418275,-0.11654194564789289,filled
688008:b1_close:1:20260615,688008,688008,1,2026-06-15,240.1,2026-06-16,244.17,0.016951270304039978,-0.0057892544773010535,0.0,filled
688008:b1_close:2:20260615,688008,688008,2,2026-06-15,240.1,2026-06-17,262.5,0.09329446064139946,-0.008371511870054138,0.0,filled
688008:b1_close:3:20260615,688008,688008,3,2026-06-15,240.1,2026-06-18,269.9,0.12411495210329027,-0.008371511870054138,0.0,filled
688008:b1_close:4:20260615,688008,688008,4,2026-06-15,240.1,2026-06-22,280.05,0.16638900458142447,-0.008371511870054138,0.0,filled
688008:b1_close:5:20260615,688008,688008,5,2026-06-15,240.1,2026-06-23,258.0,0.07455226988754693,-0.008371511870054138,0.0,filled
688008:b1_close:1:20260709,688008,688008,1,2026-07-09,285.8,2026-07-10,268.06,-0.062071378586424086,-0.06231630510846742,-0.062071378586424086,filled
688008:b1_close:2:20260709,688008,688008,2,2026-07-09,285.8,2026-07-13,252.79,-0.11550034989503155,-0.12333799860041983,-0.11550034989503155,filled
688008:b1_close:3:20260709,688008,688008,3,2026-07-09,285.8,2026-07-14,270.0,-0.05528341497550737,-0.13121063680895728,-0.11550034989503155,filled
688008:b1_close:4:20260709,688008,688008,4,2026-07-09,285.8,2026-07-15,252.68,-0.11588523442967114,-0.13121063680895728,-0.11588523442967114,filled
688008:b1_close:5:20260709,688008,688008,5,2026-07-09,285.8,,,,,,insufficient_history
688012:b1_close:1:20260709,688012,688012,1,2026-07-09,471.59,2026-07-10,434.51,-0.07862762145083646,-0.07970906931868782,-0.07862762145083646,filled
688012:b1_close:2:20260709,688012,688012,2,2026-07-09,471.59,2026-07-13,408.6,-0.1335694141097139,-0.14750100723085735,-0.1335694141097139,filled
688012:b1_close:3:20260709,688012,688012,3,2026-07-09,471.59,2026-07-14,405.3,-0.14056701796051652,-0.19633580016539787,-0.14056701796051652,filled
688012:b1_close:4:20260709,688012,688012,4,2026-07-09,471.59,2026-07-15,391.29,-0.17027502703619657,-0.19633580016539787,-0.17027502703619657,filled
688012:b1_close:5:20260709,688012,688012,5,2026-07-09,471.59,,,,,,insufficient_history
688037:b1_close:1:20260603,688037,688037,1,2026-06-03,256.95,2026-06-04,258.63,0.006538237011091574,-0.04230395018486077,0.0,filled
688037:b1_close:2:20260603,688037,688037,2,2026-06-03,256.95,2026-06-05,247.19,-0.037984043588246696,-0.05156645261724069,-0.037984043588246696,filled
688037:b1_close:3:20260603,688037,688037,3,2026-06-03,256.95,2026-06-08,230.75,-0.10196536291107217,-0.11235648958941424,-0.10196536291107217,filled
688037:b1_close:4:20260603,688037,688037,4,2026-06-03,256.95,2026-06-09,246.0,-0.0426152948044366,-0.11235648958941424,-0.10196536291107217,filled
688037:b1_close:5:20260603,688037,688037,5,2026-06-03,256.95,2026-06-10,244.12,-0.04993189336446768,-0.11235648958941424,-0.10196536291107217,filled
688048:b1_close:1:20260709,688048,688048,1,2026-07-09,472.44,2026-07-10,445.6,-0.056811446956227196,-0.057636948607230565,-0.056811446956227196,filled
688048:b1_close:2:20260709,688048,688048,2,2026-07-09,472.44,2026-07-13,403.69,-0.14552112437558207,-0.14909829819659637,-0.14552112437558207,filled
688048:b1_close:3:20260709,688048,688048,3,2026-07-09,472.44,2026-07-14,459.0,-0.028448056896113738,-0.1573533147066294,-0.14552112437558207,filled
688048:b1_close:4:20260709,688048,688048,4,2026-07-09,472.44,2026-07-15,447.0,-0.0538481076962154,-0.1573533147066294,-0.14552112437558207,filled
688048:b1_close:5:20260709,688048,688048,5,2026-07-09,472.44,,,,,,insufficient_history
688072:b1_close:1:20260603,688072,688072,1,2026-06-03,615.49,2026-06-04,623.02,0.012234154900973238,-0.03164958000942342,0.0,filled
688072:b1_close:2:20260603,688072,688072,2,2026-06-03,615.49,2026-06-05,582.3,-0.053924515426733266,-0.059286097255844994,-0.053924515426733266,filled
688072:b1_close:3:20260603,688072,688072,3,2026-06-03,615.49,2026-06-08,568.47,-0.07639441745601061,-0.10965247201416761,-0.07639441745601061,filled
688072:b1_close:4:20260603,688072,688072,4,2026-06-03,615.49,2026-06-09,597.0,-0.030041105460689832,-0.10965247201416761,-0.07639441745601061,filled
688072:b1_close:5:20260603,688072,688072,5,2026-06-03,615.49,2026-06-10,618.0,0.00407805163365782,-0.10965247201416761,-0.07639441745601061,filled
688072:b1_close:1:20260610,688072,688072,1,2026-06-10,618.0,2026-06-11,655.27,0.06030744336569582,-0.025873786407767052,0.0,filled
688072:b1_close:2:20260610,688072,688072,2,2026-06-10,618.0,2026-06-12,645.18,0.04398058252427184,-0.025873786407767052,0.0,filled
688072:b1_close:3:20260610,688072,688072,3,2026-06-10,618.0,2026-06-15,669.69,0.08364077669902925,-0.025873786407767052,0.0,filled
688072:b1_close:4:20260610,688072,688072,4,2026-06-10,618.0,2026-06-16,655.8,0.061165048543689204,-0.025873786407767052,0.0,filled
688072:b1_close:5:20260610,688072,688072,5,2026-06-10,618.0,2026-06-17,740.0,0.19741100323624594,-0.025873786407767052,0.0,filled
688110:b1_close:1:20260709,688110,688110,1,2026-07-09,176.34,2026-07-10,164.0,-0.06997845072019959,-0.06997845072019959,-0.06997845072019959,filled
688110:b1_close:2:20260709,688110,688110,2,2026-07-09,176.34,2026-07-13,154.15,-0.1258364523080413,-0.13303844845185442,-0.1258364523080413,filled
688110:b1_close:3:20260709,688110,688110,3,2026-07-09,176.34,2026-07-14,155.96,-0.11557219008733122,-0.17301803334467503,-0.1258364523080413,filled
688110:b1_close:4:20260709,688110,688110,4,2026-07-09,176.34,2026-07-15,147.33,-0.16451173868662805,-0.17772484972212776,-0.16451173868662805,filled
688110:b1_close:5:20260709,688110,688110,5,2026-07-09,176.34,,,,,,insufficient_history
688126:b1_close:1:20260604,688126,688126,1,2026-06-04,28.85,2026-06-05,28.49,-0.012478336221837139,-0.039514731369150846,-0.012478336221837139,filled
688126:b1_close:2:20260604,688126,688126,2,2026-06-04,28.85,2026-06-08,26.44,-0.08353552859618718,-0.09185441941074535,-0.08353552859618718,filled
688126:b1_close:3:20260604,688126,688126,3,2026-06-04,28.85,2026-06-09,31.73,0.09982668977469666,-0.09185441941074535,-0.08353552859618718,filled
688126:b1_close:4:20260604,688126,688126,4,2026-06-04,28.85,2026-06-10,32.65,0.1317157712305026,-0.09185441941074535,-0.08353552859618718,filled
688126:b1_close:5:20260604,688126,688126,5,2026-06-04,28.85,2026-06-11,32.5,0.12651646447140386,-0.09185441941074535,-0.08353552859618718,filled
688126:b1_close:1:20260709,688126,688126,1,2026-07-09,37.25,2026-07-10,36.4,-0.02281879194630876,-0.02604026845637586,-0.02281879194630876,filled
688126:b1_close:2:20260709,688126,688126,2,2026-07-09,37.25,2026-07-13,35.86,-0.03731543624161071,-0.05315436241610727,-0.03731543624161071,filled
688126:b1_close:3:20260709,688126,688126,3,2026-07-09,37.25,2026-07-14,34.58,-0.07167785234899338,-0.14067114093959732,-0.07167785234899338,filled
688126:b1_close:4:20260709,688126,688126,4,2026-07-09,37.25,2026-07-15,31.04,-0.16671140939597318,-0.17100671140939605,-0.16671140939597318,filled
688126:b1_close:5:20260709,688126,688126,5,2026-07-09,37.25,,,,,,insufficient_history
688170:b1_close:1:20260605,688170,688170,1,2026-06-05,80.15,2026-06-08,75.75,-0.05489706799750471,-0.05589519650655028,-0.05489706799750471,filled
688170:b1_close:2:20260605,688170,688170,2,2026-06-05,80.15,2026-06-09,79.4,-0.009357454772301987,-0.07685589519650671,-0.05489706799750471,filled
688170:b1_close:3:20260605,688170,688170,3,2026-06-05,80.15,2026-06-10,71.02,-0.11391141609482236,-0.13262632563942622,-0.11391141609482236,filled
688170:b1_close:4:20260605,688170,688170,4,2026-06-05,80.15,2026-06-11,70.39,-0.12177167810355594,-0.1767935121646912,-0.12177167810355594,filled
688170:b1_close:5:20260605,688170,688170,5,2026-06-05,80.15,2026-06-12,67.7,-0.15533374922021215,-0.1767935121646912,-0.15533374922021215,filled
688170:b1_close:1:20260615,688170,688170,1,2026-06-15,81.24,2026-06-16,83.13,0.023264401772525867,-0.02732644017725261,0.0,filled
688170:b1_close:2:20260615,688170,688170,2,2026-06-15,81.24,2026-06-17,85.79,0.05600689315608087,-0.02732644017725261,0.0,filled
688170:b1_close:3:20260615,688170,688170,3,2026-06-15,81.24,2026-06-18,85.25,0.049359921221073355,-0.02732644017725261,0.0,filled
688170:b1_close:4:20260615,688170,688170,4,2026-06-15,81.24,2026-06-22,85.7,0.054899064500246286,-0.02732644017725261,0.0,filled
688170:b1_close:5:20260615,688170,688170,5,2026-06-15,81.24,2026-06-23,82.49,0.015386509108813451,-0.031265386509108706,0.0,filled
688183:b1_close:1:20260609,688183,688183,1,2026-06-09,124.9,2026-06-10,116.4,-0.06805444355484391,-0.07902321857485994,-0.06805444355484391,filled
688183:b1_close:2:20260609,688183,688183,2,2026-06-09,124.9,2026-06-11,116.16,-0.06997598078462774,-0.08462770216172943,-0.06997598078462774,filled
688183:b1_close:3:20260609,688183,688183,3,2026-06-09,124.9,2026-06-12,123.65,-0.010008006405124115,-0.08462770216172943,-0.06997598078462774,filled
688183:b1_close:4:20260609,688183,688183,4,2026-06-09,124.9,2026-06-15,133.16,0.06613290632505997,-0.08462770216172943,-0.06997598078462774,filled
688183:b1_close:5:20260609,688183,688183,5,2026-06-09,124.9,2026-06-16,138.96,0.11257005604483594,-0.08462770216172943,-0.06997598078462774,filled
688187:b1_close:1:20260609,688187,688187,1,2026-06-09,57.9,2026-06-10,54.55,-0.05785837651122627,-0.07547495682210703,-0.05785837651122627,filled
688187:b1_close:2:20260609,688187,688187,2,2026-06-09,57.9,2026-06-11,54.78,-0.05388601036269425,-0.07772020725388606,-0.05785837651122627,filled
688187:b1_close:3:20260609,688187,688187,3,2026-06-09,57.9,2026-06-12,53.07,-0.08341968911917097,-0.10811744386873923,-0.08341968911917097,filled
688187:b1_close:4:20260609,688187,688187,4,2026-06-09,57.9,2026-06-15,55.33,-0.04438687392055274,-0.10811744386873923,-0.08341968911917097,filled
688187:b1_close:5:20260609,688187,688187,5,2026-06-09,57.9,2026-06-16,57.11,-0.013644214162348844,-0.10811744386873923,-0.08341968911917097,filled
688200:b1_close:1:20260604,688200,688200,1,2026-06-04,441.0,2026-06-05,427.92,-0.02965986394557818,-0.04761904761904767,-0.02965986394557818,filled
688200:b1_close:2:20260604,688200,688200,2,2026-06-04,441.0,2026-06-08,437.1,-0.008843537414965907,-0.05877551020408167,-0.02965986394557818,filled
688200:b1_close:3:20260604,688200,688200,3,2026-06-04,441.0,2026-06-09,463.0,0.049886621315192725,-0.05877551020408167,-0.02965986394557818,filled
688200:b1_close:4:20260604,688200,688200,4,2026-06-04,441.0,2026-06-10,467.46,0.06000000000000005,-0.05877551020408167,-0.02965986394557818,filled
688200:b1_close:5:20260604,688200,688200,5,2026-06-04,441.0,2026-06-11,315.0,-0.2857142857142857,-0.3090022675736961,-0.2857142857142857,filled
688200:b1_close:1:20260708,688200,688200,1,2026-07-08,498.76,2026-07-09,543.0,0.08869997594033197,-0.017503408452963387,0.0,filled
688200:b1_close:2:20260708,688200,688200,2,2026-07-08,498.76,2026-07-10,505.0,0.012511027347822612,-0.017503408452963387,0.0,filled
688200:b1_close:3:20260708,688200,688200,3,2026-07-08,498.76,2026-07-13,489.0,-0.019568529954286595,-0.031598363942577534,-0.019568529954286595,filled
688200:b1_close:4:20260708,688200,688200,4,2026-07-08,498.76,2026-07-14,501.0,0.004491138022295393,-0.04739754591386636,-0.019568529954286595,filled
688200:b1_close:5:20260708,688200,688200,5,2026-07-08,498.76,2026-07-15,447.0,-0.10377736787232339,-0.11771192557542698,-0.10377736787232339,filled
688206:b1_close:1:20260604,688206,688206,1,2026-06-04,39.0,2026-06-05,38.77,-0.005897435897435854,-0.02897435897435907,-0.005897435897435854,filled
688206:b1_close:2:20260604,688206,688206,2,2026-06-04,39.0,2026-06-08,39.88,0.022564102564102573,-0.058974358974358876,-0.005897435897435854,filled
688206:b1_close:3:20260604,688206,688206,3,2026-06-04,39.0,2026-06-09,40.78,0.04564102564102557,-0.058974358974358876,-0.005897435897435854,filled
688206:b1_close:4:20260604,688206,688206,4,2026-06-04,39.0,2026-06-10,38.93,-0.0017948717948718107,-0.058974358974358876,-0.005897435897435854,filled
688206:b1_close:5:20260604,688206,688206,5,2026-06-04,39.0,2026-06-11,40.08,0.027692307692307683,-0.058974358974358876,-0.005897435897435854,filled
688206:b1_close:1:20260608,688206,688206,1,2026-06-08,39.88,2026-06-09,40.78,0.022567703109327875,-0.005767301905717281,0.0,filled
688206:b1_close:2:20260608,688206,688206,2,2026-06-08,39.88,2026-06-10,38.93,-0.02382146439317956,-0.03360080240722174,-0.02382146439317956,filled
688206:b1_close:3:20260608,688206,688206,3,2026-06-08,39.88,2026-06-11,40.08,0.005015045135406071,-0.03360080240722174,-0.02382146439317956,filled
688206:b1_close:4:20260608,688206,688206,4,2026-06-08,39.88,2026-06-12,38.35,-0.03836509528585763,-0.05140421263791384,-0.03836509528585763,filled
688206:b1_close:5:20260608,688206,688206,5,2026-06-08,39.88,2026-06-15,39.12,-0.01905717151454378,-0.058926780341023055,-0.03836509528585763,filled
688206:b1_close:1:20260624,688206,688206,1,2026-06-24,39.78,2026-06-25,39.13,-0.016339869281045694,-0.03217697335344394,-0.016339869281045694,filled
688206:b1_close:2:20260624,688206,688206,2,2026-06-24,39.78,2026-06-26,40.39,0.015334338863750574,-0.06485671191553544,-0.016339869281045694,filled
688206:b1_close:3:20260624,688206,688206,3,2026-06-24,39.78,2026-06-29,42.43,0.0666163901458019,-0.06485671191553544,-0.016339869281045694,filled
688206:b1_close:4:20260624,688206,688206,4,2026-06-24,39.78,2026-06-30,44.37,0.1153846153846152,-0.06485671191553544,-0.016339869281045694,filled
688206:b1_close:5:20260624,688206,688206,5,2026-06-24,39.78,2026-07-01,48.2,0.21166415284062357,-0.06485671191553544,-0.016339869281045694,filled
688256:b1_close:1:20260603,688256,688256,1,2026-06-03,1378.1,2026-06-04,1358.9,-0.013932225527900632,-0.022567302808214174,-0.013932225527900632,filled
688256:b1_close:2:20260603,688256,688256,2,2026-06-03,1378.1,2026-06-05,1299.2,-0.05725273927871699,-0.0658587910891808,-0.05725273927871699,filled
688256:b1_close:3:20260603,688256,688256,3,2026-06-03,1378.1,2026-06-08,1250.36,-0.09269283796531458,-0.10740875117915971,-0.09269283796531458,filled
688256:b1_close:4:20260603,688256,688256,4,2026-06-03,1378.1,2026-06-09,1270.01,-0.07843407590160356,-0.10740875117915971,-0.09269283796531458,filled
688256:b1_close:5:20260603,688256,688256,5,2026-06-03,1378.1,2026-06-10,1231.0,-0.10674116537261436,-0.11169726434946659,-0.10674116537261436,filled
688261:b1_close:1:20260707,688261,688261,1,2026-07-07,99.08,2026-07-08,92.18,-0.06964069438837295,-0.08962454582155832,-0.06964069438837295,filled
688261:b1_close:2:20260707,688261,688261,2,2026-07-07,99.08,2026-07-09,96.1,-0.030076705692369865,-0.10345175615664115,-0.06964069438837295,filled
688261:b1_close:3:20260707,688261,688261,3,2026-07-07,99.08,2026-07-10,88.01,-0.11172789664917226,-0.11687525232135643,-0.11172789664917226,filled
688261:b1_close:4:20260707,688261,688261,4,2026-07-07,99.08,2026-07-13,92.25,-0.06893419459023009,-0.11687525232135643,-0.11172789664917226,filled
688261:b1_close:5:20260707,688261,688261,5,2026-07-07,99.08,2026-07-14,90.79,-0.08366976180863939,-0.14533710133225664,-0.11172789664917226,filled
688313:b1_close:1:20260603,688313,688313,1,2026-06-03,168.86,2026-06-04,165.45,-0.020194243752220897,-0.03494018713727354,-0.020194243752220897,filled
688313:b1_close:2:20260603,688313,688313,2,2026-06-03,168.86,2026-06-05,156.79,-0.07147933199099854,-0.08800189506099731,-0.07147933199099854,filled
688313:b1_close:3:20260603,688313,688313,3,2026-06-03,168.86,2026-06-08,149.28,-0.11595404477081617,-0.15255241028070599,-0.11595404477081617,filled
688313:b1_close:4:20260603,688313,688313,4,2026-06-03,168.86,2026-06-09,160.89,-0.04719886296340181,-0.15255241028070599,-0.11595404477081617,filled
688313:b1_close:5:20260603,688313,688313,5,2026-06-03,168.86,2026-06-10,151.63,-0.10203719057207161,-0.15255241028070599,-0.11595404477081617,filled
688313:b1_close:1:20260615,688313,688313,1,2026-06-15,166.53,2026-06-16,172.91,0.03831141536059568,-0.002882363538101229,0.0,filled
688313:b1_close:2:20260615,688313,688313,2,2026-06-15,166.53,2026-06-17,169.52,0.01795472287275568,-0.0049840869513001484,0.0,filled
688313:b1_close:3:20260615,688313,688313,3,2026-06-15,166.53,2026-06-18,175.44,0.053503873176004246,-0.0049840869513001484,0.0,filled
688313:b1_close:4:20260615,688313,688313,4,2026-06-15,166.53,2026-06-22,182.55,0.09619888308412894,-0.0049840869513001484,0.0,filled
688313:b1_close:5:20260615,688313,688313,5,2026-06-15,166.53,2026-06-23,199.98,0.2008647090614304,-0.0049840869513001484,0.0,filled
688347:b1_close:1:20260615,688347,688347,1,2026-06-15,238.28,2026-06-16,238.5,0.0009232835319792354,-0.023837502098371655,0.0,filled
688347:b1_close:2:20260615,688347,688347,2,2026-06-15,238.28,2026-06-17,260.7,0.09409098539533312,-0.03600805774718818,0.0,filled
688347:b1_close:3:20260615,688347,688347,3,2026-06-15,238.28,2026-06-18,277.81,0.16589726372335067,-0.03600805774718818,0.0,filled
688347:b1_close:4:20260615,688347,688347,4,2026-06-15,238.28,2026-06-22,280.0,0.1750881316098707,-0.03600805774718818,0.0,filled
688347:b1_close:5:20260615,688347,688347,5,2026-06-15,238.28,2026-06-23,292.08,0.22578479100218218,-0.03600805774718818,0.0,filled
688347:b1_close:1:20260706,688347,688347,1,2026-07-06,309.68,2026-07-07,324.0,0.04624128132265559,-0.03093515887367604,0.0,filled
688347:b1_close:2:20260706,688347,688347,2,2026-07-06,309.68,2026-07-08,358.4,0.1573236889692584,-0.03093515887367604,0.0,filled
688347:b1_close:3:20260706,688347,688347,3,2026-07-06,309.68,2026-07-09,400.5,0.29327047274606044,-0.03093515887367604,0.0,filled
688347:b1_close:4:20260706,688347,688347,4,2026-07-06,309.68,2026-07-10,369.87,0.1943619219839834,-0.03093515887367604,0.0,filled
688347:b1_close:5:20260706,688347,688347,5,2026-07-06,309.68,2026-07-13,350.0,0.13019891500904146,-0.03093515887367604,0.0,filled
688396:b1_close:1:20260615,688396,688396,1,2026-06-15,68.85,2026-06-16,71.75,0.042120551924473615,-0.006390704429920069,0.0,filled
688396:b1_close:2:20260615,688396,688396,2,2026-06-15,68.85,2026-06-17,73.78,0.07160493827160508,-0.006390704429920069,0.0,filled
688396:b1_close:3:20260615,688396,688396,3,2026-06-15,68.85,2026-06-18,73.59,0.06884531590413956,-0.006390704429920069,0.0,filled
688396:b1_close:4:20260615,688396,688396,4,2026-06-15,68.85,2026-06-22,78.2,0.13580246913580263,-0.006390704429920069,0.0,filled
688396:b1_close:5:20260615,688396,688396,5,2026-06-15,68.85,2026-06-23,80.8,0.17356572258533043,-0.006390704429920069,0.0,filled
688396:b1_close:1:20260709,688396,688396,1,2026-07-09,92.7,2026-07-10,79.1,-0.1467098166127293,-0.1480043149946062,-0.1467098166127293,filled
688396:b1_close:2:20260709,688396,688396,2,2026-07-09,92.7,2026-07-13,77.6,-0.16289104638619212,-0.16936353829557715,-0.16289104638619212,filled
688396:b1_close:3:20260709,688396,688396,3,2026-07-09,92.7,2026-07-14,75.88,-0.18144552319309604,-0.2212513484358145,-0.18144552319309604,filled
688396:b1_close:4:20260709,688396,688396,4,2026-07-09,92.7,2026-07-15,70.17,-0.24304207119741106,-0.2491909385113269,-0.24304207119741106,filled
688396:b1_close:5:20260709,688396,688396,5,2026-07-09,92.7,,,,,,insufficient_history
688409:b1_close:1:20260609,688409,688409,1,2026-06-09,164.59,2026-06-10,165.0,0.00249103833768749,-0.03214047025943245,0.0,filled
688409:b1_close:2:20260609,688409,688409,2,2026-06-09,164.59,2026-06-11,175.68,0.06737954918281797,-0.03214047025943245,0.0,filled
688409:b1_close:3:20260609,688409,688409,3,2026-06-09,164.59,2026-06-12,182.0,0.10577799380278274,-0.03214047025943245,0.0,filled
688409:b1_close:4:20260609,688409,688409,4,2026-06-09,164.59,2026-06-15,191.96,0.16629199829880315,-0.03214047025943245,0.0,filled
688409:b1_close:5:20260609,688409,688409,5,2026-06-09,164.59,2026-06-16,189.54,0.15158879640318368,-0.03214047025943245,0.0,filled
688469:b1_close:1:20260709,688469,688469,1,2026-07-09,10.18,2026-07-10,9.01,-0.11493123772102165,-0.11591355599214148,-0.11493123772102165,filled
688469:b1_close:2:20260709,688469,688469,2,2026-07-09,10.18,2026-07-13,8.66,-0.14931237721021606,-0.15422396856581533,-0.14931237721021606,filled
688469:b1_close:3:20260709,688469,688469,3,2026-07-09,10.18,2026-07-14,8.48,-0.16699410609037324,-0.20825147347740658,-0.16699410609037324,filled
688469:b1_close:4:20260709,688469,688469,4,2026-07-09,10.18,2026-07-15,7.94,-0.22003929273084477,-0.2239685658153241,-0.22003929273084477,filled
688469:b1_close:5:20260709,688469,688469,5,2026-07-09,10.18,,,,,,insufficient_history
688498:b1_close:1:20260707,688498,688498,1,2026-07-07,1715.04,2026-07-08,1617.0,-0.05716484746711448,-0.05774209347886927,-0.05716484746711448,filled
688498:b1_close:2:20260707,688498,688498,2,2026-07-07,1715.04,2026-07-09,1746.01,0.018057887862673816,-0.058331001026215135,-0.05716484746711448,filled
688498:b1_close:3:20260707,688498,688498,3,2026-07-07,1715.04,2026-07-10,1609.0,-0.06182946170351711,-0.06649407593991974,-0.06182946170351711,filled
688498:b1_close:4:20260707,688498,688498,4,2026-07-07,1715.04,2026-07-13,1590.2,-0.07279130515906329,-0.11365332586995058,-0.07279130515906329,filled
688498:b1_close:5:20260707,688498,688498,5,2026-07-07,1715.04,2026-07-14,1798.9,0.04889681873309093,-0.11365332586995058,-0.07279130515906329,filled
688498:b1_close:1:20260709,688498,688498,1,2026-07-09,1746.01,2026-07-10,1609.0,-0.0784703409487918,-0.08305221619578351,-0.0784703409487918,filled
688498:b1_close:2:20260709,688498,688498,2,2026-07-09,1746.01,2026-07-13,1590.2,-0.08923774777922233,-0.12937497494286976,-0.08923774777922233,filled
688498:b1_close:3:20260709,688498,688498,3,2026-07-09,1746.01,2026-07-14,1798.9,0.030291922726674025,-0.12937497494286976,-0.08923774777922233,filled
688498:b1_close:4:20260709,688498,688498,4,2026-07-09,1746.01,2026-07-15,1809.0,0.03607654022600104,-0.12937497494286976,-0.08923774777922233,filled
688498:b1_close:5:20260709,688498,688498,5,2026-07-09,1746.01,,,,,,insufficient_history
688498:b1_close:1:20260714,688498,688498,1,2026-07-14,1798.9,2026-07-15,1809.0,0.0056145422202456,-0.027183278670298572,0.0,filled
688498:b1_close:2:20260714,688498,688498,2,2026-07-14,1798.9,,,,,,insufficient_history
688498:b1_close:3:20260714,688498,688498,3,2026-07-14,1798.9,,,,,,insufficient_history
688498:b1_close:4:20260714,688498,688498,4,2026-07-14,1798.9,,,,,,insufficient_history
688498:b1_close:5:20260714,688498,688498,5,2026-07-14,1798.9,,,,,,insufficient_history
688502:b1_close:1:20260709,688502,688502,1,2026-07-09,600.21,2026-07-10,611.93,0.01952649905866255,0.0,0.0,filled
688502:b1_close:2:20260709,688502,688502,2,2026-07-09,600.21,2026-07-13,598.54,-0.002782359507505827,-0.015044734342980148,-0.002782359507505827,filled
688502:b1_close:3:20260709,688502,688502,3,2026-07-09,600.21,2026-07-14,589.02,-0.018643474783825775,-0.06049549324403136,-0.018643474783825775,filled
688502:b1_close:4:20260709,688502,688502,4,2026-07-09,600.21,2026-07-15,540.85,-0.09889871878175971,-0.11079455523899973,-0.09889871878175971,filled
688502:b1_close:5:20260709,688502,688502,5,2026-07-09,600.21,,,,,,insufficient_history
688521:b1_close:1:20260709,688521,688521,1,2026-07-09,328.56,2026-07-10,292.0,-0.11127343559775993,-0.11130387143900655,-0.11127343559775993,filled
688521:b1_close:2:20260709,688521,688521,2,2026-07-09,328.56,2026-07-13,271.54,-0.17354516678840992,-0.18791088385682986,-0.17354516678840992,filled
688521:b1_close:3:20260709,688521,688521,3,2026-07-09,328.56,2026-07-14,270.33,-0.177227903579255,-0.2268991964937911,-0.177227903579255,filled
688521:b1_close:4:20260709,688521,688521,4,2026-07-09,328.56,2026-07-15,252.98,-0.23003408814219628,-0.2357560262965669,-0.23003408814219628,filled
688521:b1_close:5:20260709,688521,688521,5,2026-07-09,328.56,,,,,,insufficient_history
688630:b1_close:1:20260709,688630,688630,1,2026-07-09,517.8,2026-07-10,465.02,-0.10193124758594052,-0.10390112012359976,-0.10193124758594052,filled
688630:b1_close:2:20260709,688630,688630,2,2026-07-09,517.8,2026-07-13,446.58,-0.1375434530706836,-0.14252607184241017,-0.1375434530706836,filled
688630:b1_close:3:20260709,688630,688630,3,2026-07-09,517.8,2026-07-14,455.6,-0.12012359984550003,-0.18760139049826174,-0.1375434530706836,filled
688630:b1_close:4:20260709,688630,688630,4,2026-07-09,517.8,2026-07-15,430.77,-0.16807647740440324,-0.18760139049826174,-0.16807647740440324,filled
688630:b1_close:5:20260709,688630,688630,5,2026-07-09,517.8,,,,,,insufficient_history
688711:b1_close:1:20260604,688711,688711,1,2026-06-04,34.47,2026-06-05,33.53,-0.027270089933275288,-0.06788511749347248,-0.027270089933275288,filled
688711:b1_close:2:20260604,688711,688711,2,2026-06-04,34.47,2026-06-08,29.74,-0.1372207716855237,-0.1372207716855237,-0.1372207716855237,filled
688711:b1_close:3:20260604,688711,688711,3,2026-06-04,34.47,2026-06-09,35.69,0.03539309544531477,-0.1372207716855237,-0.1372207716855237,filled
688711:b1_close:4:20260604,688711,688711,4,2026-06-04,34.47,2026-06-10,34.1,-0.010733971569480638,-0.1372207716855237,-0.1372207716855237,filled
688711:b1_close:5:20260604,688711,688711,5,2026-06-04,34.47,2026-06-11,34.63,0.004641717435451165,-0.1372207716855237,-0.1372207716855237,filled
688711:b1_close:1:20260609,688711,688711,1,2026-06-09,35.69,2026-06-10,34.1,-0.04455029420005596,-0.059120201737181244,-0.04455029420005596,filled
688711:b1_close:2:20260609,688711,688711,2,2026-06-09,35.69,2026-06-11,34.63,-0.029700196133370604,-0.061361725973662073,-0.04455029420005596,filled
688711:b1_close:3:20260609,688711,688711,3,2026-06-09,35.69,2026-06-12,34.79,-0.025217147660409056,-0.061361725973662073,-0.04455029420005596,filled
688711:b1_close:4:20260609,688711,688711,4,2026-06-09,35.69,2026-06-15,39.28,0.10058840011207626,-0.061361725973662073,-0.04455029420005596,filled
688711:b1_close:5:20260609,688711,688711,5,2026-06-09,35.69,2026-06-16,38.55,0.08013449145418883,-0.061361725973662073,-0.04455029420005596,filled
688766:b1_close:1:20260604,688766,688766,1,2026-06-04,427.35,2026-06-05,396.0,-0.07335907335907343,-0.08037908037908048,-0.07335907335907343,filled
688766:b1_close:2:20260604,688766,688766,2,2026-06-04,427.35,2026-06-08,373.0,-0.12717912717912727,-0.15741195741195746,-0.12717912717912727,filled
688766:b1_close:3:20260604,688766,688766,3,2026-06-04,427.35,2026-06-09,409.02,-0.04289224289224303,-0.15741195741195746,-0.12717912717912727,filled
688766:b1_close:4:20260604,688766,688766,4,2026-06-04,427.35,2026-06-10,383.34,-0.10298350298350312,-0.15741195741195746,-0.12717912717912727,filled
688766:b1_close:5:20260604,688766,688766,5,2026-06-04,427.35,2026-06-11,387.58,-0.09306189306189316,-0.15741195741195746,-0.12717912717912727,filled
688766:b1_close:1:20260709,688766,688766,1,2026-07-09,762.07,2026-07-10,703.0,-0.07751256446258226,-0.08013699528914675,-0.07751256446258226,filled
688766:b1_close:2:20260709,688766,688766,2,2026-07-09,762.07,2026-07-13,603.0,-0.20873410579080665,-0.23077932473394835,-0.20873410579080665,filled
688766:b1_close:3:20260709,688766,688766,3,2026-07-09,762.07,2026-07-14,645.0,-0.15362105843295237,-0.2323539832298871,-0.20873410579080665,filled
688766:b1_close:4:20260709,688766,688766,4,2026-07-09,762.07,2026-07-15,578.0,-0.24153949112286277,-0.24387523455850513,-0.24153949112286277,filled
688766:b1_close:5:20260709,688766,688766,5,2026-07-09,762.07,,,,,,insufficient_history
688981:b1_close:1:20260708,688981,688981,1,2026-07-08,152.1,2026-07-09,173.0,0.1374095989480606,0.0,0.0,filled
688981:b1_close:2:20260708,688981,688981,2,2026-07-08,152.1,2026-07-10,163.02,0.07179487179487198,0.0,0.0,filled
688981:b1_close:3:20260708,688981,688981,3,2026-07-08,152.1,2026-07-13,163.58,0.0754766600920449,0.0,0.0,filled
688981:b1_close:4:20260708,688981,688981,4,2026-07-08,152.1,2026-07-14,160.99,0.05844838921762019,-0.012491781722550943,0.0,filled
688981:b1_close:5:20260708,688981,688981,5,2026-07-08,152.1,2026-07-15,153.64,0.010124917817225354,-0.012491781722550943,0.0,filled
000021:b1_close:1:20260610,000021,000021,1,2026-06-10,38.56,2026-06-11,39.08,0.013485477178423189,-0.030601659751037347,0.0,filled
000021:b1_close:2:20260610,000021,000021,2,2026-06-10,38.56,2026-06-12,37.09,-0.038122406639004125,-0.045643153526971125,-0.038122406639004125,filled
000021:b1_close:3:20260610,000021,000021,3,2026-06-10,38.56,2026-06-15,39.47,0.02359958506224058,-0.0544605809128631,-0.038122406639004125,filled
000021:b1_close:4:20260610,000021,000021,4,2026-06-10,38.56,2026-06-16,40.77,0.057313278008298774,-0.0544605809128631,-0.038122406639004125,filled
000021:b1_close:5:20260610,000021,000021,5,2026-06-10,38.56,2026-06-17,42.91,0.1128112033195019,-0.0544605809128631,-0.038122406639004125,filled
000021:b1_close:1:20260709,000021,000021,1,2026-07-09,56.24,2026-07-10,57.91,0.02969416785206258,0.0,0.0,filled
000021:b1_close:2:20260709,000021,000021,2,2026-07-09,56.24,2026-07-13,52.12,-0.07325746799431021,-0.07325746799431021,-0.07325746799431021,filled
000021:b1_close:3:20260709,000021,000021,3,2026-07-09,56.24,2026-07-14,52.51,-0.06632290184921774,-0.13086770981507823,-0.07325746799431021,filled
000021:b1_close:4:20260709,000021,000021,4,2026-07-09,56.24,2026-07-15,47.26,-0.15967283072546234,-0.15967283072546234,-0.15967283072546234,filled
000021:b1_close:5:20260709,000021,000021,5,2026-07-09,56.24,,,,,,insufficient_history
000733:b1_close:1:20260616,000733,000733,1,2026-06-16,56.34,2026-06-17,58.13,0.031771388001419876,-0.011714589989350488,0.0,filled
000733:b1_close:2:20260616,000733,000733,2,2026-06-16,56.34,2026-06-18,59.79,0.06123535676251324,-0.011714589989350488,0.0,filled
000733:b1_close:3:20260616,000733,000733,3,2026-06-16,56.34,2026-06-22,59.23,0.05129570465033706,-0.011714589989350488,0.0,filled
000733:b1_close:4:20260616,000733,000733,4,2026-06-16,56.34,2026-06-23,56.14,-0.0035498757543486192,-0.01579694710685131,-0.0035498757543486192,filled
000733:b1_close:5:20260616,000733,000733,5,2026-06-16,56.34,2026-06-24,56.9,0.009939652112175956,-0.01579694710685131,-0.0035498757543486192,filled
000988:b1_close:1:20260603,000988,000988,1,2026-06-03,154.39,2026-06-04,158.36,0.025714100654187666,-0.02836971306431757,0.0,filled
000988:b1_close:2:20260603,000988,000988,2,2026-06-03,154.39,2026-06-05,157.2,0.01820066066455084,-0.02836971306431757,0.0,filled
000988:b1_close:3:20260603,000988,000988,3,2026-06-03,154.39,2026-06-08,148.85,-0.035883153053954175,-0.05434289785607871,-0.035883153053954175,filled
000988:b1_close:4:20260603,000988,000988,4,2026-06-03,154.39,2026-06-09,155.53,0.0073838979208498134,-0.05434289785607871,-0.035883153053954175,filled
000988:b1_close:5:20260603,000988,000988,5,2026-06-03,154.39,2026-06-10,149.0,-0.0349115875380529,-0.05434289785607871,-0.035883153053954175,filled
000988:b1_close:1:20260709,000988,000988,1,2026-07-09,159.0,2026-07-10,158.07,-0.005849056603773661,-0.007547169811320642,-0.005849056603773661,filled
000988:b1_close:2:20260709,000988,000988,2,2026-07-09,159.0,2026-07-13,154.24,-0.02993710691823892,-0.04289308176100626,-0.02993710691823892,filled
000988:b1_close:3:20260709,000988,000988,3,2026-07-09,159.0,2026-07-14,159.84,0.005283018867924483,-0.10377358490566035,-0.02993710691823892,filled
000988:b1_close:4:20260709,000988,000988,4,2026-07-09,159.0,2026-07-15,145.21,-0.08672955974842766,-0.10377358490566035,-0.08672955974842766,filled
000988:b1_close:5:20260709,000988,000988,5,2026-07-09,159.0,,,,,,insufficient_history
002008:b1_close:1:20260604,002008,002008,1,2026-06-04,134.65,2026-06-05,127.87,-0.050352766431489004,-0.05681396212402534,-0.050352766431489004,filled
002008:b1_close:2:20260604,002008,002008,2,2026-06-04,134.65,2026-06-08,120.86,-0.10241366505755667,-0.10620126253249174,-0.10241366505755667,filled
002008:b1_close:3:20260604,002008,002008,3,2026-06-04,134.65,2026-06-09,124.5,-0.07538061641292249,-0.11696992202005196,-0.10241366505755667,filled
002008:b1_close:4:20260604,002008,002008,4,2026-06-04,134.65,2026-06-10,122.48,-0.09038247307835134,-0.13627924248050505,-0.10241366505755667,filled
002008:b1_close:5:20260604,002008,002008,5,2026-06-04,134.65,2026-06-11,121.45,-0.09803193464537696,-0.13627924248050505,-0.10241366505755667,filled
002134:b1_close:1:20260609,002134,002134,1,2026-06-09,28.59,2026-06-10,28.16,-0.01504022385449455,-0.031129765652326058,-0.01504022385449455,filled
002134:b1_close:2:20260609,002134,002134,2,2026-06-09,28.59,2026-06-11,28.43,-0.005596362364463148,-0.04337180832458898,-0.01504022385449455,filled
002134:b1_close:3:20260609,002134,002134,3,2026-06-09,28.59,2026-06-12,27.95,-0.02238544945785237,-0.04337180832458898,-0.02238544945785237,filled
002134:b1_close:4:20260609,002134,002134,4,2026-06-09,28.59,2026-06-15,29.15,0.01958726827562085,-0.04337180832458898,-0.02238544945785237,filled
002134:b1_close:5:20260609,002134,002134,5,2026-06-09,28.59,2026-06-16,28.98,0.01364113326337879,-0.04337180832458898,-0.02238544945785237,filled
002156:b1_close:1:20260616,002156,002156,1,2026-06-16,62.93,2026-06-17,67.22,0.06817098363260765,-0.014619418401398354,0.0,filled
002156:b1_close:2:20260616,002156,002156,2,2026-06-16,62.93,2026-06-18,68.27,0.08485618941681228,-0.014619418401398354,0.0,filled
002156:b1_close:3:20260616,002156,002156,3,2026-06-16,62.93,2026-06-22,71.25,0.13221039249960276,-0.014619418401398354,0.0,filled
002156:b1_close:4:20260616,002156,002156,4,2026-06-16,62.93,2026-06-23,68.42,0.08723979024312722,-0.014619418401398354,0.0,filled
002156:b1_close:5:20260616,002156,002156,5,2026-06-16,62.93,2026-06-24,74.64,0.18607977117432073,-0.014619418401398354,0.0,filled
002156:b1_close:1:20260709,002156,002156,1,2026-07-09,72.17,2026-07-10,70.95,-0.016904530968546494,-0.019260080365802956,-0.016904530968546494,filled
002156:b1_close:2:20260709,002156,002156,2,2026-07-09,72.17,2026-07-13,73.57,0.019398642095053154,-0.024663987806567866,-0.016904530968546494,filled
002156:b1_close:3:20260709,002156,002156,3,2026-07-09,72.17,2026-07-14,77.87,0.07898018567271725,-0.05223777192739365,-0.016904530968546494,filled
002156:b1_close:4:20260709,002156,002156,4,2026-07-09,72.17,2026-07-15,78.71,0.09061937092974914,-0.05223777192739365,-0.016904530968546494,filled
002156:b1_close:5:20260709,002156,002156,5,2026-07-09,72.17,,,,,,insufficient_history
002158:b1_close:1:20260710,002158,002158,1,2026-07-10,36.89,2026-07-13,33.2,-0.10002710761724043,-0.10002710761724043,-0.10002710761724043,filled
002158:b1_close:2:20260710,002158,002158,2,2026-07-10,36.89,2026-07-14,33.24,-0.09894280292762259,-0.12713472485768496,-0.10002710761724043,filled
002158:b1_close:3:20260710,002158,002158,3,2026-07-10,36.89,2026-07-15,31.78,-0.13851992409867175,-0.14936297099484963,-0.13851992409867175,filled
002158:b1_close:4:20260710,002158,002158,4,2026-07-10,36.89,,,,,,insufficient_history
002158:b1_close:5:20260710,002158,002158,5,2026-07-10,36.89,,,,,,insufficient_history
002185:b1_close:1:20260616,002185,002185,1,2026-06-16,17.82,2026-06-17,19.05,0.06902356902356899,-0.02076318742985417,0.0,filled
002185:b1_close:2:20260616,002185,002185,2,2026-06-16,17.82,2026-06-18,19.61,0.10044893378226716,-0.02076318742985417,0.0,filled
002185:b1_close:3:20260616,002185,002185,3,2026-06-16,17.82,2026-06-22,20.44,0.14702581369248047,-0.02076318742985417,0.0,filled
002185:b1_close:4:20260616,002185,002185,4,2026-06-16,17.82,2026-06-23,19.54,0.09652076318742986,-0.02076318742985417,0.0,filled
002185:b1_close:5:20260616,002185,002185,5,2026-06-16,17.82,2026-06-24,20.98,0.17732884399551074,-0.02076318742985417,0.0,filled
002185:b1_close:1:20260707,002185,002185,1,2026-07-07,21.93,2026-07-08,21.57,-0.01641586867305056,-0.056087551299589644,-0.01641586867305056,filled
002185:b1_close:2:20260707,002185,002185,2,2026-07-07,21.93,2026-07-09,23.73,0.08207934336525313,-0.056087551299589644,-0.01641586867305056,filled
002185:b1_close:3:20260707,002185,002185,3,2026-07-07,21.93,2026-07-10,25.31,0.15412676698586414,-0.056087551299589644,-0.01641586867305056,filled
002185:b1_close:4:20260707,002185,002185,4,2026-07-07,21.93,2026-07-13,24.13,0.10031919744642037,-0.056087551299589644,-0.01641586867305056,filled
002185:b1_close:5:20260707,002185,002185,5,2026-07-07,21.93,2026-07-14,25.68,0.170998632010944,-0.056087551299589644,-0.01641586867305056,filled
002281:b1_close:1:20260602,002281,002281,1,2026-06-02,215.11,2026-06-03,224.0,0.041327692808330596,0.0,0.0,filled
002281:b1_close:2:20260602,002281,002281,2,2026-06-02,215.11,2026-06-04,220.56,0.02533587466877396,0.0,0.0,filled
002281:b1_close:3:20260602,002281,002281,3,2026-06-02,215.11,2026-06-05,227.58,0.05797034075589225,0.0,0.0,filled
002281:b1_close:4:20260602,002281,002281,4,2026-06-02,215.11,2026-06-08,206.99,-0.03774812886430201,-0.04235042536376743,-0.03774812886430201,filled
002281:b1_close:5:20260602,002281,002281,5,2026-06-02,215.11,2026-06-09,210.22,-0.022732555436753343,-0.07465947654688299,-0.03774812886430201,filled
002281:b1_close:1:20260615,002281,002281,1,2026-06-15,225.47,2026-06-16,230.01,0.020135716503304257,0.0,0.0,filled
002281:b1_close:2:20260615,002281,002281,2,2026-06-15,225.47,2026-06-17,242.0,0.07331352286335213,-0.004435179846542736,0.0,filled
002281:b1_close:3:20260615,002281,002281,3,2026-06-15,225.47,2026-06-18,266.2,0.1806448751496872,-0.004435179846542736,0.0,filled
002281:b1_close:4:20260615,002281,002281,4,2026-06-15,225.47,2026-06-22,276.08,0.22446445203352994,-0.004435179846542736,0.0,filled
002281:b1_close:5:20260615,002281,002281,5,2026-06-15,225.47,2026-06-23,266.9,0.18374950104226717,-0.004435179846542736,0.0,filled
002281:b1_close:1:20260709,002281,002281,1,2026-07-09,238.49,2026-07-10,233.45,-0.02113296154975064,-0.02113296154975064,-0.02113296154975064,filled
002281:b1_close:2:20260709,002281,002281,2,2026-07-09,238.49,2026-07-13,216.0,-0.09430164786783513,-0.10545515535242567,-0.09430164786783513,filled
002281:b1_close:3:20260709,002281,002281,3,2026-07-09,238.49,2026-07-14,232.95,-0.02322948551301951,-0.11023522998867885,-0.09430164786783513,filled
002281:b1_close:4:20260709,002281,002281,4,2026-07-09,238.49,2026-07-15,214.97,-0.0986204872321691,-0.11023522998867885,-0.0986204872321691,filled
002281:b1_close:5:20260709,002281,002281,5,2026-07-09,238.49,,,,,,insufficient_history
002364:b1_close:1:20260609,002364,002364,1,2026-06-09,55.14,2026-06-10,51.14,-0.0725426187885383,-0.08523757707653257,-0.0725426187885383,filled
002364:b1_close:2:20260609,002364,002364,2,2026-06-09,55.14,2026-06-11,48.97,-0.11189698948132032,-0.12042074718897355,-0.11189698948132032,filled
002364:b1_close:3:20260609,002364,002364,3,2026-06-09,55.14,2026-06-12,46.51,-0.15651070003627132,-0.15651070003627132,-0.15651070003627132,filled
002364:b1_close:4:20260609,002364,002364,4,2026-06-09,55.14,2026-06-15,51.16,-0.07217990569459565,-0.15651070003627132,-0.15651070003627132,filled
002364:b1_close:5:20260609,002364,002364,5,2026-06-09,55.14,2026-06-16,52.24,-0.05259339862169021,-0.15651070003627132,-0.15651070003627132,filled
002364:b1_close:1:20260709,002364,002364,1,2026-07-09,54.42,2026-07-10,56.05,0.029952223447262005,0.0,0.0,filled
002364:b1_close:2:20260709,002364,002364,2,2026-07-09,54.42,2026-07-13,51.76,-0.04887908857037859,-0.05237045203969126,-0.04887908857037859,filled
002364:b1_close:3:20260709,002364,002364,3,2026-07-09,54.42,2026-07-14,53.6,-0.015067989709665608,-0.08673281881661155,-0.04887908857037859,filled
002364:b1_close:4:20260709,002364,002364,4,2026-07-09,54.42,2026-07-15,48.72,-0.10474090407938264,-0.11337743476662998,-0.10474090407938264,filled
002364:b1_close:5:20260709,002364,002364,5,2026-07-09,54.42,,,,,,insufficient_history
002371:b1_close:1:20260709,002371,002371,1,2026-07-09,878.43,2026-07-10,801.0,-0.08814589665653494,-0.08815728060289374,-0.08814589665653494,filled
002371:b1_close:2:20260709,002371,002371,2,2026-07-09,878.43,2026-07-13,764.3,-0.12992497979349527,-0.14051204990722077,-0.12992497979349527,filled
002371:b1_close:3:20260709,002371,002371,3,2026-07-09,878.43,2026-07-14,774.2,-0.11865487289823884,-0.17123732112974277,-0.12992497979349527,filled
002371:b1_close:4:20260709,002371,002371,4,2026-07-09,878.43,2026-07-15,742.66,-0.1545598397140353,-0.17123732112974277,-0.1545598397140353,filled
002371:b1_close:5:20260709,002371,002371,5,2026-07-09,878.43,,,,,,insufficient_history
002384:b1_close:1:20260602,002384,002384,1,2026-06-02,210.93,2026-06-03,223.99,0.06191627554164891,0.0,0.0,filled
002384:b1_close:2:20260602,002384,002384,2,2026-06-02,210.93,2026-06-04,237.8,0.12738823306310154,0.0,0.0,filled
002384:b1_close:3:20260602,002384,002384,3,2026-06-02,210.93,2026-06-05,221.41,0.04968472953112402,0.0,0.0,filled
002384:b1_close:4:20260602,002384,002384,4,2026-06-02,210.93,2026-06-08,213.0,0.009813682264258272,-0.009149954961361617,0.0,filled
002384:b1_close:5:20260602,002384,002384,5,2026-06-02,210.93,2026-06-09,224.4,0.06386004835727488,-0.009149954961361617,0.0,filled
002463:b1_close:1:20260709,002463,002463,1,2026-07-09,137.3,2026-07-10,129.44,-0.057246904588492464,-0.05899490167516408,-0.057246904588492464,filled
002463:b1_close:2:20260709,002463,002463,2,2026-07-09,137.3,2026-07-13,124.66,-0.09206117989803364,-0.10327749453750912,-0.09206117989803364,filled
002463:b1_close:3:20260709,002463,002463,3,2026-07-09,137.3,2026-07-14,137.13,-0.0012381646030591442,-0.10327749453750912,-0.09206117989803364,filled
002463:b1_close:4:20260709,002463,002463,4,2026-07-09,137.3,2026-07-15,137.23,-0.0005098324836126933,-0.10327749453750912,-0.09206117989803364,filled
002463:b1_close:5:20260709,002463,002463,5,2026-07-09,137.3,,,,,,insufficient_history
002463:b1_close:1:20260714,002463,002463,1,2026-07-14,137.13,2026-07-15,137.23,0.0007292350324508146,0.0,0.0,filled
002463:b1_close:2:20260714,002463,002463,2,2026-07-14,137.13,,,,,,insufficient_history
002463:b1_close:3:20260714,002463,002463,3,2026-07-14,137.13,,,,,,insufficient_history
002463:b1_close:4:20260714,002463,002463,4,2026-07-14,137.13,,,,,,insufficient_history
002463:b1_close:5:20260714,002463,002463,5,2026-07-14,137.13,,,,,,insufficient_history
002491:b1_close:1:20260616,002491,002491,1,2026-06-16,26.1,2026-06-17,28.71,0.09999999999999987,-0.01685823754789273,0.0,filled
002491:b1_close:2:20260616,002491,002491,2,2026-06-16,26.1,2026-06-18,31.58,0.20996168582375474,-0.01685823754789273,0.0,filled
002491:b1_close:3:20260616,002491,002491,3,2026-06-16,26.1,2026-06-22,34.0,0.30268199233716464,-0.01685823754789273,0.0,filled
002491:b1_close:4:20260616,002491,002491,4,2026-06-16,26.1,2026-06-23,33.68,0.2904214559386973,-0.01685823754789273,0.0,filled
002491:b1_close:5:20260616,002491,002491,5,2026-06-16,26.1,2026-06-24,37.05,0.41954022988505724,-0.01685823754789273,0.0,filled
002851:b1_close:1:20260709,002851,002851,1,2026-07-09,159.59,2026-07-10,161.79,0.013785324895043471,0.0,0.0,filled
002851:b1_close:2:20260709,002851,002851,2,2026-07-09,159.59,2026-07-13,158.69,-0.005639451093426895,-0.014850554546024242,-0.005639451093426895,filled
002851:b1_close:3:20260709,002851,002851,3,2026-07-09,159.59,2026-07-14,172.16,0.07876433360486246,-0.01622908703552861,-0.005639451093426895,filled
002851:b1_close:4:20260709,002851,002851,4,2026-07-09,159.59,2026-07-15,168.63,0.056645153205088006,-0.01622908703552861,-0.005639451093426895,filled
002851:b1_close:5:20260709,002851,002851,5,2026-07-09,159.59,,,,,,insufficient_history
002916:b1_close:1:20260709,002916,002916,1,2026-07-09,442.56,2026-07-10,426.0,-0.037418655097613884,-0.039678235719450505,-0.037418655097613884,filled
002916:b1_close:2:20260709,002916,002916,2,2026-07-09,442.56,2026-07-13,393.59,-0.11065166305133778,-0.11937364425162689,-0.11065166305133778,filled
002916:b1_close:3:20260709,002916,002916,3,2026-07-09,442.56,2026-07-14,408.99,-0.07585412147505421,-0.14587852494577003,-0.11065166305133778,filled
002916:b1_close:4:20260709,002916,002916,4,2026-07-09,442.56,2026-07-15,377.23,-0.1476184020245842,-0.15279284164859008,-0.1476184020245842,filled
002916:b1_close:5:20260709,002916,002916,5,2026-07-09,442.56,,,,,,insufficient_history
300042:b1_close:1:20260604,300042,300042,1,2026-06-04,67.43,2026-06-05,68.33,0.013347174847990306,-0.03410944683375372,0.0,filled
300042:b1_close:2:20260604,300042,300042,2,2026-06-04,67.43,2026-06-08,64.15,-0.0486430372237876,-0.051015868307874856,-0.0486430372237876,filled
300042:b1_close:3:20260604,300042,300042,3,2026-06-04,67.43,2026-06-09,65.64,-0.026546047753225666,-0.06273172178555542,-0.0486430372237876,filled
300042:b1_close:4:20260604,300042,300042,4,2026-06-04,67.43,2026-06-10,63.67,-0.05576153047604926,-0.06554945869790907,-0.05576153047604926,filled
300042:b1_close:5:20260604,300042,300042,5,2026-06-04,67.43,2026-06-11,62.66,-0.07074002669434987,-0.0932819219931782,-0.07074002669434987,filled
300054:b1_close:1:20260603,300054,300054,1,2026-06-03,70.4,2026-06-04,73.39,0.04247159090909092,-0.022727272727272818,0.0,filled
300054:b1_close:2:20260603,300054,300054,2,2026-06-03,70.4,2026-06-05,69.75,-0.009232954545454586,-0.022727272727272818,-0.009232954545454586,filled
300054:b1_close:3:20260603,300054,300054,3,2026-06-03,70.4,2026-06-08,64.91,-0.07798295454545467,-0.08977272727272734,-0.07798295454545467,filled
300054:b1_close:4:20260603,300054,300054,4,2026-06-03,70.4,2026-06-09,69.1,-0.018465909090909283,-0.08977272727272734,-0.07798295454545467,filled
300054:b1_close:5:20260603,300054,300054,5,2026-06-03,70.4,2026-06-10,71.04,0.009090909090909038,-0.08977272727272734,-0.07798295454545467,filled
300054:b1_close:1:20260709,300054,300054,1,2026-07-09,95.99,2026-07-10,83.1,-0.13428482133555575,-0.13657672674236898,-0.13428482133555575,filled
300054:b1_close:2:20260709,300054,300054,2,2026-07-09,95.99,2026-07-13,79.92,-0.16741327221585578,-0.1741848109178039,-0.16741327221585578,filled
300054:b1_close:3:20260709,300054,300054,3,2026-07-09,95.99,2026-07-14,82.6,-0.13949369726013128,-0.19772893009688497,-0.16741327221585578,filled
300054:b1_close:4:20260709,300054,300054,4,2026-07-09,95.99,2026-07-15,77.92,-0.18824877591415767,-0.19772893009688497,-0.18824877591415767,filled
300054:b1_close:5:20260709,300054,300054,5,2026-07-09,95.99,,,,,,insufficient_history
300136:b1_close:1:20260605,300136,300136,1,2026-06-05,106.33,2026-06-08,103.65,-0.025204551866829572,-0.04674127715602372,-0.025204551866829572,filled
300136:b1_close:2:20260605,300136,300136,2,2026-06-05,106.33,2026-06-09,103.0,-0.031317596162889094,-0.09348255431204733,-0.031317596162889094,filled
300136:b1_close:3:20260605,300136,300136,3,2026-06-05,106.33,2026-06-10,96.39,-0.09348255431204733,-0.10373365936236245,-0.09348255431204733,filled
300136:b1_close:4:20260605,300136,300136,4,2026-06-05,106.33,2026-06-11,99.28,-0.06630301890341384,-0.12837393021724808,-0.09348255431204733,filled
300136:b1_close:5:20260605,300136,300136,5,2026-06-05,106.33,2026-06-12,96.86,-0.08906235305181975,-0.12837393021724808,-0.09348255431204733,filled
300223:b1_close:1:20260608,300223,300223,1,2026-06-08,149.26,2026-06-09,159.89,0.0712180088436285,-0.018491223368618415,0.0,filled
300223:b1_close:2:20260608,300223,300223,2,2026-06-08,149.26,2026-06-10,148.95,-0.002076912769663708,-0.018491223368618415,-0.002076912769663708,filled
300223:b1_close:3:20260608,300223,300223,3,2026-06-08,149.26,2026-06-11,145.49,-0.025257939166554833,-0.04529009781589166,-0.025257939166554833,filled
300223:b1_close:4:20260608,300223,300223,4,2026-06-08,149.26,2026-06-12,145.6,-0.024520970119254915,-0.04529009781589166,-0.025257939166554833,filled
300223:b1_close:5:20260608,300223,300223,5,2026-06-08,149.26,2026-06-15,164.3,0.10076376792174746,-0.04529009781589166,-0.025257939166554833,filled
300236:b1_close:1:20260609,300236,300236,1,2026-06-09,95.8,2026-06-10,96.43,0.006576200417536704,-0.020041753653444738,0.0,filled
300236:b1_close:2:20260609,300236,300236,2,2026-06-09,95.8,2026-06-11,102.02,0.06492693110647174,-0.020041753653444738,0.0,filled
300236:b1_close:3:20260609,300236,300236,3,2026-06-09,95.8,2026-06-12,95.73,-0.0007306889352817203,-0.020041753653444738,-0.0007306889352817203,filled
300236:b1_close:4:20260609,300236,300236,4,2026-06-09,95.8,2026-06-15,100.49,0.04895615866388314,-0.029123173277661674,-0.0007306889352817203,filled
300236:b1_close:5:20260609,300236,300236,5,2026-06-09,95.8,2026-06-16,100.02,0.044050104384133704,-0.029123173277661674,-0.0007306889352817203,filled
300236:b1_close:1:20260709,300236,300236,1,2026-07-09,131.32,2026-07-10,119.7,-0.08848614072494665,-0.0925220834602497,-0.08848614072494665,filled
300236:b1_close:2:20260709,300236,300236,2,2026-07-09,131.32,2026-07-13,113.35,-0.1368413036856534,-0.139506548888212,-0.1368413036856534,filled
300236:b1_close:3:20260709,300236,300236,3,2026-07-09,131.32,2026-07-14,115.76,-0.11848918671946385,-0.16021931160523906,-0.1368413036856534,filled
300236:b1_close:4:20260709,300236,300236,4,2026-07-09,131.32,2026-07-15,103.56,-0.2113920194943648,-0.21329576606762102,-0.2113920194943648,filled
300236:b1_close:5:20260709,300236,300236,5,2026-07-09,131.32,,,,,,insufficient_history
300260:b1_close:1:20260604,300260,300260,1,2026-06-04,60.7,2026-06-05,64.29,0.05914332784184517,0.0,0.0,filled
300260:b1_close:2:20260604,300260,300260,2,2026-06-04,60.7,2026-06-08,61.58,0.014497528830312856,-0.0006589785831961903,0.0,filled
300260:b1_close:3:20260604,300260,300260,3,2026-06-04,60.7,2026-06-09,73.9,0.21746293245469528,-0.0006589785831961903,0.0,filled
300260:b1_close:4:20260604,300260,300260,4,2026-06-04,60.7,2026-06-10,72.9,0.20098846787479419,-0.0006589785831961903,0.0,filled
300260:b1_close:5:20260604,300260,300260,5,2026-06-04,60.7,2026-06-11,72.78,0.19901153212520595,-0.0006589785831961903,0.0,filled
300260:b1_close:1:20260709,300260,300260,1,2026-07-09,95.0,2026-07-10,83.35,-0.12263157894736854,-0.12484210526315787,-0.12263157894736854,filled
300260:b1_close:2:20260709,300260,300260,2,2026-07-09,95.0,2026-07-13,79.52,-0.16294736842105262,-0.17052631578947375,-0.16294736842105262,filled
300260:b1_close:3:20260709,300260,300260,3,2026-07-09,95.0,2026-07-14,78.78,-0.1707368421052632,-0.20526315789473681,-0.1707368421052632,filled
300260:b1_close:4:20260709,300260,300260,4,2026-07-09,95.0,2026-07-15,73.37,-0.2276842105263157,-0.23578947368421055,-0.2276842105263157,filled
300260:b1_close:5:20260709,300260,300260,5,2026-07-09,95.0,,,,,,insufficient_history
300308:b1_close:1:20260615,300308,300308,1,2026-06-15,1245.0,2026-06-16,1248.09,0.0024819277108432125,-0.010072289156626502,0.0,filled
300308:b1_close:2:20260615,300308,300308,2,2026-06-15,1245.0,2026-06-17,1276.11,0.024987951807228903,-0.020040160642570304,0.0,filled
300308:b1_close:3:20260615,300308,300308,3,2026-06-15,1245.0,2026-06-18,1367.88,0.098698795180723,-0.020040160642570304,0.0,filled
300308:b1_close:4:20260615,300308,300308,4,2026-06-15,1245.0,2026-06-22,1382.33,0.110305220883534,-0.020040160642570304,0.0,filled
300308:b1_close:5:20260615,300308,300308,5,2026-06-15,1245.0,2026-06-23,1310.01,0.052216867469879524,-0.020040160642570304,0.0,filled
300346:b1_close:1:20260605,300346,300346,1,2026-06-05,57.03,2026-06-08,57.19,0.0028055409433631606,-0.026827985270910015,0.0,filled
300346:b1_close:2:20260605,300346,300346,2,2026-06-05,57.03,2026-06-09,62.71,0.09959670348939165,-0.026827985270910015,0.0,filled
300346:b1_close:3:20260605,300346,300346,3,2026-06-05,57.03,2026-06-10,61.72,0.08223741890233205,-0.026827985270910015,0.0,filled
300346:b1_close:4:20260605,300346,300346,4,2026-06-05,57.03,2026-06-11,66.71,0.16973522707347,-0.026827985270910015,0.0,filled
300346:b1_close:5:20260605,300346,300346,5,2026-06-05,57.03,2026-06-12,59.39,0.04138172891460634,-0.026827985270910015,0.0,filled
300373:b1_close:1:20260609,300373,300373,1,2026-06-09,107.88,2026-06-10,100.4,-0.06933629959213927,-0.08212829069336303,-0.06933629959213927,filled
300373:b1_close:2:20260609,300373,300373,2,2026-06-09,107.88,2026-06-11,100.19,-0.07128290693362993,-0.08694846125324429,-0.07128290693362993,filled
300373:b1_close:3:20260609,300373,300373,3,2026-06-09,107.88,2026-06-12,96.68,-0.103819058212829,-0.11243974786800148,-0.103819058212829,filled
300373:b1_close:4:20260609,300373,300373,4,2026-06-09,107.88,2026-06-15,105.15,-0.025305895439377002,-0.12198739340007414,-0.103819058212829,filled
300373:b1_close:5:20260609,300373,300373,5,2026-06-09,107.88,2026-06-16,108.8,0.008527994067482503,-0.12198739340007414,-0.103819058212829,filled
300373:b1_close:1:20260709,300373,300373,1,2026-07-09,136.62,2026-07-10,118.67,-0.13138632703850095,-0.13555848338457044,-0.13138632703850095,filled
300373:b1_close:2:20260709,300373,300373,2,2026-07-09,136.62,2026-07-13,113.31,-0.1706192358366272,-0.17654808959156787,-0.1706192358366272,filled
300373:b1_close:3:20260709,300373,300373,3,2026-07-09,136.62,2026-07-14,113.3,-0.17069243156199687,-0.22946859903381644,-0.17069243156199687,filled
300373:b1_close:4:20260709,300373,300373,4,2026-07-09,136.62,2026-07-15,105.56,-0.22734592299809697,-0.23063973063973064,-0.22734592299809697,filled
300373:b1_close:5:20260709,300373,300373,5,2026-07-09,136.62,,,,,,insufficient_history
300475:b1_close:1:20260709,300475,300475,1,2026-07-09,267.98,2026-07-10,271.0,0.011269497723710664,-0.01850884394357799,0.0,filled
300475:b1_close:2:20260709,300475,300475,2,2026-07-09,267.98,2026-07-13,216.8,-0.19098440182103138,-0.19098440182103138,-0.19098440182103138,filled
300475:b1_close:3:20260709,300475,300475,3,2026-07-09,267.98,2026-07-14,230.89,-0.13840585118292426,-0.2312859168594672,-0.19098440182103138,filled
300475:b1_close:4:20260709,300475,300475,4,2026-07-09,267.98,2026-07-15,221.2,-0.17456526606463174,-0.2312859168594672,-0.19098440182103138,filled
300475:b1_close:5:20260709,300475,300475,5,2026-07-09,267.98,,,,,,insufficient_history
300567:b1_close:1:20260604,300567,300567,1,2026-06-04,203.8,2026-06-05,189.23,-0.07149165848871453,-0.07948969578017673,-0.07149165848871453,filled
300567:b1_close:2:20260604,300567,300567,2,2026-06-04,203.8,2026-06-08,177.8,-0.127576054955839,-0.14131501472031405,-0.127576054955839,filled
300567:b1_close:3:20260604,300567,300567,3,2026-06-04,203.8,2026-06-09,188.88,-0.0732090284592739,-0.14131501472031405,-0.127576054955839,filled
300567:b1_close:4:20260604,300567,300567,4,2026-06-04,203.8,2026-06-10,188.79,-0.07365063788027482,-0.14131501472031405,-0.127576054955839,filled
300567:b1_close:5:20260604,300567,300567,5,2026-06-04,203.8,2026-06-11,192.9,-0.05348380765456329,-0.14131501472031405,-0.127576054955839,filled
300567:b1_close:1:20260708,300567,300567,1,2026-07-08,297.1,,,,,,insufficient_history
300567:b1_close:2:20260708,300567,300567,2,2026-07-08,297.1,,,,,,insufficient_history
300567:b1_close:3:20260708,300567,300567,3,2026-07-08,297.1,,,,,,insufficient_history
300567:b1_close:4:20260708,300567,300567,4,2026-07-08,297.1,,,,,,insufficient_history
300567:b1_close:5:20260708,300567,300567,5,2026-07-08,297.1,,,,,,insufficient_history
300604:b1_close:1:20260603,300604,300604,1,2026-06-03,214.25,2026-06-04,223.35,0.04247374562427075,-0.01516919486581092,0.0,filled
300604:b1_close:2:20260603,300604,300604,2,2026-06-03,214.25,2026-06-05,206.73,-0.035099183197199624,-0.04037339556592767,-0.035099183197199624,filled
300604:b1_close:3:20260603,300604,300604,3,2026-06-03,214.25,2026-06-08,200.4,-0.06464410735122517,-0.11318553092182027,-0.06464410735122517,filled
300604:b1_close:4:20260603,300604,300604,4,2026-06-03,214.25,2026-06-09,212.73,-0.00709451575262543,-0.11318553092182027,-0.06464410735122517,filled
300604:b1_close:5:20260603,300604,300604,5,2026-06-03,214.25,2026-06-10,226.74,0.05829638273045501,-0.11318553092182027,-0.06464410735122517,filled
300604:b1_close:1:20260708,300604,300604,1,2026-07-08,317.22,2026-07-09,374.0,0.1789924973204715,-0.02121556017905557,0.0,filled
300604:b1_close:2:20260708,300604,300604,2,2026-07-08,317.22,2026-07-10,352.31,0.11061723724859718,-0.02121556017905557,0.0,filled
300604:b1_close:3:20260708,300604,300604,3,2026-07-08,317.22,2026-07-13,325.24,0.025282138578904156,-0.02121556017905557,0.0,filled
300604:b1_close:4:20260708,300604,300604,4,2026-07-08,317.22,2026-07-14,335.62,0.05800390895908203,-0.02121556017905557,0.0,filled
300604:b1_close:5:20260708,300604,300604,5,2026-07-08,317.22,2026-07-15,304.44,-0.04028749763571027,-0.044826933989029816,-0.04028749763571027,filled
300620:b1_close:1:20260615,300620,300620,1,2026-06-15,343.05,2026-06-16,392.49,0.14411893310013113,0.0,0.0,filled
300620:b1_close:2:20260615,300620,300620,2,2026-06-15,343.05,2026-06-17,395.2,0.1520186561725696,0.0,0.0,filled
300620:b1_close:3:20260615,300620,300620,3,2026-06-15,343.05,2026-06-18,390.8,0.13919253753097216,0.0,0.0,filled
300620:b1_close:4:20260615,300620,300620,4,2026-06-15,343.05,2026-06-22,391.98,0.14263226934849138,0.0,0.0,filled
300620:b1_close:5:20260615,300620,300620,5,2026-06-15,343.05,2026-06-23,384.52,0.12088616819705567,0.0,0.0,filled
300623:b1_close:1:20260605,300623,300623,1,2026-06-05,33.27,2026-06-08,30.78,-0.07484220018034271,-0.09377817853922465,-0.07484220018034271,filled
300623:b1_close:2:20260605,300623,300623,2,2026-06-05,33.27,2026-06-09,32.94,-0.009918845807033505,-0.09377817853922465,-0.07484220018034271,filled
300623:b1_close:3:20260605,300623,300623,3,2026-06-05,33.27,2026-06-10,31.36,-0.057409077246768914,-0.09377817853922465,-0.07484220018034271,filled
300623:b1_close:4:20260605,300623,300623,4,2026-06-05,33.27,2026-06-11,32.33,-0.028253681995792146,-0.09377817853922465,-0.07484220018034271,filled
300623:b1_close:5:20260605,300623,300623,5,2026-06-05,33.27,2026-06-12,31.8,-0.044183949504057796,-0.09377817853922465,-0.07484220018034271,filled
300623:b1_close:1:20260708,300623,300623,1,2026-07-08,39.05,2026-07-09,39.98,0.023815620998719478,-0.02970550576184372,0.0,filled
300623:b1_close:2:20260708,300623,300623,2,2026-07-08,39.05,2026-07-10,37.15,-0.04865556978233032,-0.05096030729833534,-0.04865556978233032,filled
300623:b1_close:3:20260708,300623,300623,3,2026-07-08,39.05,2026-07-13,35.88,-0.08117797695262474,-0.08834827144686286,-0.08117797695262474,filled
300623:b1_close:4:20260708,300623,300623,4,2026-07-08,39.05,2026-07-14,34.7,-0.11139564660691403,-0.15492957746478864,-0.11139564660691403,filled
300623:b1_close:5:20260708,300623,300623,5,2026-07-08,39.05,2026-07-15,32.67,-0.16338028169014074,-0.16901408450704214,-0.16338028169014074,filled
300666:b1_close:1:20260602,300666,300666,1,2026-06-02,209.22,2026-06-03,208.0,-0.005831182487333941,-0.023659305993690816,-0.005831182487333941,filled
300666:b1_close:2:20260602,300666,300666,2,2026-06-02,209.22,2026-06-04,210.53,0.0062613516872191965,-0.023659305993690816,-0.005831182487333941,filled
300666:b1_close:3:20260602,300666,300666,3,2026-06-02,209.22,2026-06-05,201.19,-0.0383806519453207,-0.052671828697065326,-0.0383806519453207,filled
300666:b1_close:4:20260602,300666,300666,4,2026-06-02,209.22,2026-06-08,193.57,-0.0748016442022752,-0.0870853646878883,-0.0748016442022752,filled
300666:b1_close:5:20260602,300666,300666,5,2026-06-02,209.22,2026-06-09,224.88,0.07484944078004019,-0.0870853646878883,-0.0748016442022752,filled
300666:b1_close:1:20260709,300666,300666,1,2026-07-09,364.48,2026-07-10,340.44,-0.06595697980684812,-0.06595697980684812,-0.06595697980684812,filled
300666:b1_close:2:20260709,300666,300666,2,2026-07-09,364.48,2026-07-13,318.34,-0.12659130816505715,-0.13523375768217738,-0.12659130816505715,filled
300666:b1_close:3:20260709,300666,300666,3,2026-07-09,364.48,2026-07-14,311.39,-0.1456595697980686,-0.2011084284460053,-0.1456595697980686,filled
300666:b1_close:4:20260709,300666,300666,4,2026-07-09,364.48,2026-07-15,282.14,-0.22591088674275683,-0.231782265144864,-0.22591088674275683,filled
300666:b1_close:5:20260709,300666,300666,5,2026-07-09,364.48,,,,,,insufficient_history
300726:b1_close:1:20260615,300726,300726,1,2026-06-15,72.41,2026-06-16,80.96,0.11807761358928315,0.0,0.0,filled
300726:b1_close:2:20260615,300726,300726,2,2026-06-15,72.41,2026-06-17,85.13,0.17566634442756524,0.0,0.0,filled
300726:b1_close:3:20260615,300726,300726,3,2026-06-15,72.41,2026-06-18,85.41,0.17953321364452424,0.0,0.0,filled
300726:b1_close:4:20260615,300726,300726,4,2026-06-15,72.41,2026-06-22,86.38,0.19292915343184647,0.0,0.0,filled
300726:b1_close:5:20260615,300726,300726,5,2026-06-15,72.41,2026-06-23,81.48,0.12525894213506428,0.0,0.0,filled
300751:b1_close:1:20260709,300751,300751,1,2026-07-09,278.61,2026-07-10,267.0,-0.041671153224938084,-0.041671153224938084,-0.041671153224938084,filled
300751:b1_close:2:20260709,300751,300751,2,2026-07-09,278.61,2026-07-13,246.56,-0.11503535407917886,-0.12756182477298017,-0.11503535407917886,filled
300751:b1_close:3:20260709,300751,300751,3,2026-07-09,278.61,2026-07-14,236.4,-0.1515020997092711,-0.18883026452747576,-0.1515020997092711,filled
300751:b1_close:4:20260709,300751,300751,4,2026-07-09,278.61,2026-07-15,229.27,-0.17709342808944406,-0.18883026452747576,-0.17709342808944406,filled
300751:b1_close:5:20260709,300751,300751,5,2026-07-09,278.61,,,,,,insufficient_history
300757:b1_close:1:20260615,300757,300757,1,2026-06-15,636.66,2026-06-16,650.0,0.02095309898532971,-0.015487073163069742,0.0,filled
300757:b1_close:2:20260615,300757,300757,2,2026-06-15,636.66,2026-06-17,660.21,0.0369899161247762,-0.015487073163069742,0.0,filled
300757:b1_close:3:20260615,300757,300757,3,2026-06-15,636.66,2026-06-18,666.0,0.04608425219112244,-0.015487073163069742,0.0,filled
300757:b1_close:4:20260615,300757,300757,4,2026-06-15,636.66,2026-06-22,609.0,-0.04344548110451418,-0.0654352401595828,-0.04344548110451418,filled
300757:b1_close:5:20260615,300757,300757,5,2026-06-15,636.66,2026-06-23,578.2,-0.09182295102566507,-0.10383878365218491,-0.09182295102566507,filled
300776:b1_close:1:20260604,300776,300776,1,2026-06-04,164.3,2026-06-05,170.16,0.035666463785757774,-0.046865489957395146,0.0,filled
300776:b1_close:2:20260604,300776,300776,2,2026-06-04,164.3,2026-06-08,164.0,-0.0018259281801583649,-0.046865489957395146,-0.0018259281801583649,filled
300776:b1_close:3:20260604,300776,300776,3,2026-06-04,164.3,2026-06-09,168.59,0.026110772976262853,-0.05782105903834445,-0.0018259281801583649,filled
300776:b1_close:4:20260604,300776,300776,4,2026-06-04,164.3,2026-06-10,160.0,-0.026171637248934898,-0.08776628119293983,-0.026171637248934898,filled
300776:b1_close:5:20260604,300776,300776,5,2026-06-04,164.3,2026-06-11,146.8,-0.10651247717589774,-0.11984175289105292,-0.10651247717589774,filled
300990:b1_close:1:20260703,300990,300990,1,2026-07-03,100.1,2026-07-06,104.6,0.044955044955044876,0.0,0.0,filled
300990:b1_close:2:20260703,300990,300990,2,2026-07-03,100.1,2026-07-07,100.99,0.008891108891109,0.0,0.0,filled
300990:b1_close:3:20260703,300990,300990,3,2026-07-03,100.1,2026-07-08,97.82,-0.022777222777222828,-0.02397602397602394,-0.022777222777222828,filled
300990:b1_close:4:20260703,300990,300990,4,2026-07-03,100.1,2026-07-09,105.62,0.05514485514485523,-0.06763236763236757,-0.022777222777222828,filled
300990:b1_close:5:20260703,300990,300990,5,2026-07-03,100.1,2026-07-10,109.04,0.08931068931068942,-0.06763236763236757,-0.022777222777222828,filled
301095:b1_close:1:20260603,301095,301095,1,2026-06-03,103.68,2026-06-04,99.9,-0.03645833333333337,-0.046199845679012363,-0.03645833333333337,filled
301095:b1_close:2:20260603,301095,301095,2,2026-06-03,103.68,2026-06-05,98.61,-0.04890046296296302,-0.07696759259259267,-0.04890046296296302,filled
301095:b1_close:3:20260603,301095,301095,3,2026-06-03,103.68,2026-06-08,95.89,-0.0751350308641976,-0.1039737654320988,-0.0751350308641976,filled
301095:b1_close:4:20260603,301095,301095,4,2026-06-03,103.68,2026-06-09,97.34,-0.06114969135802473,-0.1039737654320988,-0.0751350308641976,filled
301095:b1_close:5:20260603,301095,301095,5,2026-06-03,103.68,2026-06-10,95.88,-0.07523148148148162,-0.1039737654320988,-0.07523148148148162,filled
301200:b1_close:1:20260612,301200,301200,1,2026-06-12,277.0,2026-06-15,304.4,0.09891696750902512,-0.014440433212996373,0.0,filled
301200:b1_close:2:20260612,301200,301200,2,2026-06-12,277.0,2026-06-16,326.0,0.17689530685920585,-0.014440433212996373,0.0,filled
301200:b1_close:3:20260612,301200,301200,3,2026-06-12,277.0,2026-06-17,328.08,0.18440433212996377,-0.014440433212996373,0.0,filled
301200:b1_close:4:20260612,301200,301200,4,2026-06-12,277.0,2026-06-18,337.0,0.21660649819494582,-0.014440433212996373,0.0,filled
301200:b1_close:5:20260612,301200,301200,5,2026-06-12,277.0,2026-06-22,338.96,0.22368231046931397,-0.014440433212996373,0.0,filled
301308:b1_close:1:20260603,301308,301308,1,2026-06-03,532.51,2026-06-04,568.48,0.06754802726709364,-0.014103021539501603,0.0,filled
301308:b1_close:2:20260603,301308,301308,2,2026-06-03,532.51,2026-06-05,520.01,-0.023473737582392795,-0.023492516572458766,-0.023473737582392795,filled
301308:b1_close:3:20260603,301308,301308,3,2026-06-03,532.51,2026-06-08,485.06,-0.08910630786276308,-0.11738746690202995,-0.08910630786276308,filled
301308:b1_close:4:20260603,301308,301308,4,2026-06-03,532.51,2026-06-09,514.65,-0.033539276257722905,-0.11738746690202995,-0.08910630786276308,filled
301308:b1_close:5:20260603,301308,301308,5,2026-06-03,532.51,2026-06-10,507.0,-0.04790520365814721,-0.11738746690202995,-0.08910630786276308,filled
301308:b1_close:1:20260706,301308,301308,1,2026-07-06,681.8,2026-07-07,627.9,-0.07905544147843935,-0.09078908770900551,-0.07905544147843935,filled
301308:b1_close:2:20260706,301308,301308,2,2026-07-06,681.8,2026-07-08,592.71,-0.13066881783514217,-0.1424611322968613,-0.13066881783514217,filled
301308:b1_close:3:20260706,301308,301308,3,2026-07-06,681.8,2026-07-09,620.0,-0.09064241713112342,-0.1424611322968613,-0.13066881783514217,filled
301308:b1_close:4:20260706,301308,301308,4,2026-07-06,681.8,2026-07-10,587.6,-0.13816368436491633,-0.1424611322968613,-0.13816368436491633,filled
301308:b1_close:5:20260706,301308,301308,5,2026-07-06,681.8,2026-07-13,522.04,-0.234320915224406,-0.23877970079202104,-0.234320915224406,filled
301369:b1_close:1:20260708,301369,301369,1,2026-07-08,235.5,2026-07-09,241.77,0.0266242038216562,-0.06581740976645434,0.0,filled
301369:b1_close:2:20260708,301369,301369,2,2026-07-08,235.5,2026-07-10,221.39,-0.05991507430997878,-0.06581740976645434,-0.05991507430997878,filled
301369:b1_close:3:20260708,301369,301369,3,2026-07-08,235.5,2026-07-13,202.43,-0.14042462845010617,-0.1462845010615711,-0.14042462845010617,filled
301369:b1_close:4:20260708,301369,301369,4,2026-07-08,235.5,2026-07-14,204.99,-0.12955414012738853,-0.17070063694267512,-0.14042462845010617,filled
301369:b1_close:5:20260708,301369,301369,5,2026-07-08,235.5,2026-07-15,189.47,-0.19545647558386414,-0.20547770700636936,-0.19545647558386414,filled
