event_id,code,horizon,signal_date,fill_date,fill_type,trigger_return,fill_price,sold_fraction,remaining_fraction_after_fill,fill_return
600176:b1_staged:1:20260609,600176,1,2026-06-09,2026-06-10,expiry,0.006390593047034709,39.37,1.0,0.0,0.006390593047034709
600176:b1_staged:2:20260609,600176,2,2026-06-09,2026-06-11,take_profit,0.05,41.076,0.3333333333333333,0.6666666666666667,0.050000000000000044
600176:b1_staged:2:20260609,600176,2,2026-06-09,2026-06-11,expiry,0.049846625766871266,41.07,0.6666666666666667,0.0,0.049846625766871266
600176:b1_staged:3:20260609,600176,3,2026-06-09,2026-06-11,take_profit,0.05,41.076,0.3333333333333333,0.6666666666666667,0.050000000000000044
600176:b1_staged:3:20260609,600176,3,2026-06-09,2026-06-12,take_profit,0.1,43.032000000000004,0.3333333333333333,0.3333333333333334,0.10000000000000009
600176:b1_staged:3:20260609,600176,3,2026-06-09,2026-06-12,expiry,0.06365030674846639,41.61,0.3333333333333334,0.0,0.06365030674846639
600176:b1_staged:4:20260609,600176,4,2026-06-09,2026-06-11,take_profit,0.05,41.076,0.3333333333333333,0.6666666666666667,0.050000000000000044
600176:b1_staged:4:20260609,600176,4,2026-06-09,2026-06-12,take_profit,0.1,43.032000000000004,0.3333333333333333,0.3333333333333334,0.10000000000000009
600176:b1_staged:4:20260609,600176,4,2026-06-09,2026-06-15,take_profit,0.15,44.98799999999999,0.3333333333333334,0.0,0.1499999999999999
600176:b1_staged:5:20260609,600176,5,2026-06-09,2026-06-11,take_profit,0.05,41.076,0.3333333333333333,0.6666666666666667,0.050000000000000044
600176:b1_staged:5:20260609,600176,5,2026-06-09,2026-06-12,take_profit,0.1,43.032000000000004,0.3333333333333333,0.3333333333333334,0.10000000000000009
600176:b1_staged:5:20260609,600176,5,2026-06-09,2026-06-15,take_profit,0.15,44.98799999999999,0.3333333333333334,0.0,0.1499999999999999
600367:b1_staged:1:20260626,600367,1,2026-06-26,2026-06-29,stop_loss,-0.05,55.366,1.0,0.0,-0.050000000000000044
600367:b1_staged:2:20260626,600367,2,2026-06-26,2026-06-29,stop_loss,-0.05,55.366,1.0,0.0,-0.050000000000000044
600460:b1_staged:1:20260615,600460,1,2026-06-15,2026-06-16,take_profit,0.05,37.1385,0.3333333333333333,0.6666666666666667,0.050000000000000044
600460:b1_staged:1:20260615,600460,1,2026-06-15,2026-06-16,take_profit,0.1,38.907000000000004,0.3333333333333333,0.3333333333333334,0.10000000000000009
600460:b1_staged:1:20260615,600460,1,2026-06-15,2026-06-16,expiry,0.08227311280746408,38.28,0.3333333333333334,0.0,0.08227311280746408
600460:b1_staged:2:20260615,600460,2,2026-06-15,2026-06-16,take_profit,0.05,37.1385,0.3333333333333333,0.6666666666666667,0.050000000000000044
600460:b1_staged:2:20260615,600460,2,2026-06-15,2026-06-16,take_profit,0.1,38.907000000000004,0.3333333333333333,0.3333333333333334,0.10000000000000009
600460:b1_staged:2:20260615,600460,2,2026-06-15,2026-06-17,take_profit,0.15,40.67549999999999,0.3333333333333334,0.0,0.1499999999999999
600460:b1_staged:3:20260615,600460,3,2026-06-15,2026-06-16,take_profit,0.05,37.1385,0.3333333333333333,0.6666666666666667,0.050000000000000044
600460:b1_staged:3:20260615,600460,3,2026-06-15,2026-06-16,take_profit,0.1,38.907000000000004,0.3333333333333333,0.3333333333333334,0.10000000000000009
600460:b1_staged:3:20260615,600460,3,2026-06-15,2026-06-17,take_profit,0.15,40.67549999999999,0.3333333333333334,0.0,0.1499999999999999
600460:b1_staged:4:20260615,600460,4,2026-06-15,2026-06-16,take_profit,0.05,37.1385,0.3333333333333333,0.6666666666666667,0.050000000000000044
600460:b1_staged:4:20260615,600460,4,2026-06-15,2026-06-16,take_profit,0.1,38.907000000000004,0.3333333333333333,0.3333333333333334,0.10000000000000009
600460:b1_staged:4:20260615,600460,4,2026-06-15,2026-06-17,take_profit,0.15,40.67549999999999,0.3333333333333334,0.0,0.1499999999999999
600460:b1_staged:5:20260615,600460,5,2026-06-15,2026-06-16,take_profit,0.05,37.1385,0.3333333333333333,0.6666666666666667,0.050000000000000044
600460:b1_staged:5:20260615,600460,5,2026-06-15,2026-06-16,take_profit,0.1,38.907000000000004,0.3333333333333333,0.3333333333333334,0.10000000000000009
600460:b1_staged:5:20260615,600460,5,2026-06-15,2026-06-17,take_profit,0.15,40.67549999999999,0.3333333333333334,0.0,0.1499999999999999
600584:b1_staged:1:20260615,600584,1,2026-06-15,2026-06-16,take_profit,0.05,78.036,0.3333333333333333,0.6666666666666667,0.050000000000000044
600584:b1_staged:1:20260615,600584,1,2026-06-15,2026-06-16,expiry,0.03511840688912837,76.93,0.6666666666666667,0.0,0.03511840688912837
600584:b1_staged:2:20260615,600584,2,2026-06-15,2026-06-16,take_profit,0.05,78.036,0.3333333333333333,0.6666666666666667,0.050000000000000044
600584:b1_staged:2:20260615,600584,2,2026-06-15,2026-06-17,take_profit,0.1,81.752,0.3333333333333333,0.3333333333333334,0.10000000000000009
600584:b1_staged:2:20260615,600584,2,2026-06-15,2026-06-17,expiry,0.1001076426264802,81.76,0.3333333333333334,0.0,0.1001076426264802
600584:b1_staged:3:20260615,600584,3,2026-06-15,2026-06-16,take_profit,0.05,78.036,0.3333333333333333,0.6666666666666667,0.050000000000000044
600584:b1_staged:3:20260615,600584,3,2026-06-15,2026-06-17,take_profit,0.1,81.752,0.3333333333333333,0.3333333333333334,0.10000000000000009
600584:b1_staged:3:20260615,600584,3,2026-06-15,2026-06-18,take_profit,0.15,85.46799999999999,0.3333333333333334,0.0,0.1499999999999999
600584:b1_staged:4:20260615,600584,4,2026-06-15,2026-06-16,take_profit,0.05,78.036,0.3333333333333333,0.6666666666666667,0.050000000000000044
600584:b1_staged:4:20260615,600584,4,2026-06-15,2026-06-17,take_profit,0.1,81.752,0.3333333333333333,0.3333333333333334,0.10000000000000009
600584:b1_staged:4:20260615,600584,4,2026-06-15,2026-06-18,take_profit,0.15,85.46799999999999,0.3333333333333334,0.0,0.1499999999999999
600584:b1_staged:5:20260615,600584,5,2026-06-15,2026-06-16,take_profit,0.05,78.036,0.3333333333333333,0.6666666666666667,0.050000000000000044
600584:b1_staged:5:20260615,600584,5,2026-06-15,2026-06-17,take_profit,0.1,81.752,0.3333333333333333,0.3333333333333334,0.10000000000000009
600584:b1_staged:5:20260615,600584,5,2026-06-15,2026-06-18,take_profit,0.15,85.46799999999999,0.3333333333333334,0.0,0.1499999999999999
600601:b1_staged:1:20260612,600601,1,2026-06-12,2026-06-15,expiry,0.04344453064390996,13.45,1.0,0.0,0.04344453064390996
600601:b1_staged:2:20260612,600601,2,2026-06-12,2026-06-16,take_profit,0.05,13.534500000000001,0.3333333333333333,0.6666666666666667,0.050000000000000044
600601:b1_staged:2:20260612,600601,2,2026-06-12,2026-06-16,take_profit,0.1,14.179000000000002,0.3333333333333333,0.3333333333333334,0.10000000000000009
600601:b1_staged:2:20260612,600601,2,2026-06-12,2026-06-16,expiry,0.09387121799844844,14.1,0.3333333333333334,0.0,0.09387121799844844
600601:b1_staged:3:20260612,600601,3,2026-06-12,2026-06-16,take_profit,0.05,13.534500000000001,0.3333333333333333,0.6666666666666667,0.050000000000000044
600601:b1_staged:3:20260612,600601,3,2026-06-12,2026-06-16,take_profit,0.1,14.179000000000002,0.3333333333333333,0.3333333333333334,0.10000000000000009
600601:b1_staged:3:20260612,600601,3,2026-06-12,2026-06-17,take_profit,0.15,14.8235,0.3333333333333334,0.0,0.1499999999999999
600601:b1_staged:4:20260612,600601,4,2026-06-12,2026-06-16,take_profit,0.05,13.534500000000001,0.3333333333333333,0.6666666666666667,0.050000000000000044
600601:b1_staged:4:20260612,600601,4,2026-06-12,2026-06-16,take_profit,0.1,14.179000000000002,0.3333333333333333,0.3333333333333334,0.10000000000000009
600601:b1_staged:4:20260612,600601,4,2026-06-12,2026-06-17,take_profit,0.15,14.8235,0.3333333333333334,0.0,0.1499999999999999
600601:b1_staged:5:20260612,600601,5,2026-06-12,2026-06-16,take_profit,0.05,13.534500000000001,0.3333333333333333,0.6666666666666667,0.050000000000000044
600601:b1_staged:5:20260612,600601,5,2026-06-12,2026-06-16,take_profit,0.1,14.179000000000002,0.3333333333333333,0.3333333333333334,0.10000000000000009
600601:b1_staged:5:20260612,600601,5,2026-06-12,2026-06-17,take_profit,0.15,14.8235,0.3333333333333334,0.0,0.1499999999999999
600707:b1_staged:1:20260604,600707,1,2026-06-04,2026-06-05,stop_loss,-0.05,10.402499999999998,1.0,0.0,-0.050000000000000155
600707:b1_staged:2:20260604,600707,2,2026-06-04,2026-06-05,stop_loss,-0.05,10.402499999999998,1.0,0.0,-0.050000000000000155
600707:b1_staged:3:20260604,600707,3,2026-06-04,2026-06-05,stop_loss,-0.05,10.402499999999998,1.0,0.0,-0.050000000000000155
600707:b1_staged:4:20260604,600707,4,2026-06-04,2026-06-05,stop_loss,-0.05,10.402499999999998,1.0,0.0,-0.050000000000000155
600707:b1_staged:5:20260604,600707,5,2026-06-04,2026-06-05,stop_loss,-0.05,10.402499999999998,1.0,0.0,-0.050000000000000155
600707:b1_staged:1:20260616,600707,1,2026-06-16,2026-06-17,take_profit,0.05,12.0855,0.3333333333333333,0.6666666666666667,0.050000000000000044
600707:b1_staged:1:20260616,600707,1,2026-06-16,2026-06-17,expiry,0.09991311902693312,12.66,0.6666666666666667,0.0,0.09991311902693312
600707:b1_staged:2:20260616,600707,2,2026-06-16,2026-06-17,take_profit,0.05,12.0855,0.3333333333333333,0.6666666666666667,0.050000000000000044
600707:b1_staged:2:20260616,600707,2,2026-06-16,2026-06-18,expiry,0.017376194613379692,11.71,0.6666666666666667,0.0,0.017376194613379692
600707:b1_staged:3:20260616,600707,3,2026-06-16,2026-06-17,take_profit,0.05,12.0855,0.3333333333333333,0.6666666666666667,0.050000000000000044
600707:b1_staged:3:20260616,600707,3,2026-06-16,2026-06-22,take_profit,0.1,12.661000000000001,0.3333333333333333,0.3333333333333334,0.10000000000000009
600707:b1_staged:3:20260616,600707,3,2026-06-16,2026-06-22,expiry,0.07732406602953956,12.4,0.3333333333333334,0.0,0.07732406602953956
600707:b1_staged:4:20260616,600707,4,2026-06-16,2026-06-17,take_profit,0.05,12.0855,0.3333333333333333,0.6666666666666667,0.050000000000000044
600707:b1_staged:4:20260616,600707,4,2026-06-16,2026-06-22,take_profit,0.1,12.661000000000001,0.3333333333333333,0.3333333333333334,0.10000000000000009
600707:b1_staged:4:20260616,600707,4,2026-06-16,2026-06-23,take_profit,0.15,13.2365,0.3333333333333334,0.0,0.1499999999999999
600707:b1_staged:5:20260616,600707,5,2026-06-16,2026-06-17,take_profit,0.05,12.0855,0.3333333333333333,0.6666666666666667,0.050000000000000044
600707:b1_staged:5:20260616,600707,5,2026-06-16,2026-06-22,take_profit,0.1,12.661000000000001,0.3333333333333333,0.3333333333333334,0.10000000000000009
600707:b1_staged:5:20260616,600707,5,2026-06-16,2026-06-23,take_profit,0.15,13.2365,0.3333333333333334,0.0,0.1499999999999999
601138:b1_staged:1:20260615,601138,1,2026-06-15,2026-06-16,expiry,-0.006811989100817484,72.9,1.0,0.0,-0.006811989100817484
601138:b1_staged:2:20260615,601138,2,2026-06-15,2026-06-17,expiry,-0.010354223433242549,72.64,1.0,0.0,-0.010354223433242549
601138:b1_staged:3:20260615,601138,3,2026-06-15,2026-06-18,take_profit,0.05,77.07000000000001,0.3333333333333333,0.6666666666666667,0.050000000000000044
601138:b1_staged:3:20260615,601138,3,2026-06-15,2026-06-18,expiry,0.06376021798365117,78.08,0.6666666666666667,0.0,0.06376021798365117
601138:b1_staged:4:20260615,601138,4,2026-06-15,2026-06-18,take_profit,0.05,77.07000000000001,0.3333333333333333,0.6666666666666667,0.050000000000000044
601138:b1_staged:4:20260615,601138,4,2026-06-15,2026-06-22,expiry,0.07465940054495901,78.88,0.6666666666666667,0.0,0.07465940054495901
601138:b1_staged:5:20260615,601138,5,2026-06-15,2026-06-18,take_profit,0.05,77.07000000000001,0.3333333333333333,0.6666666666666667,0.050000000000000044
601138:b1_staged:5:20260615,601138,5,2026-06-15,2026-06-23,expiry,0.009536784741144277,74.1,0.6666666666666667,0.0,0.009536784741144277
601636:b1_staged:1:20260605,601636,1,2026-06-05,2026-06-08,expiry,-0.03556187766714081,6.78,1.0,0.0,-0.03556187766714081
601636:b1_staged:2:20260605,601636,2,2026-06-05,2026-06-09,stop_loss,-0.05,6.6785,1.0,0.0,-0.050000000000000044
601636:b1_staged:3:20260605,601636,3,2026-06-05,2026-06-09,stop_loss,-0.05,6.6785,1.0,0.0,-0.050000000000000044
601636:b1_staged:4:20260605,601636,4,2026-06-05,2026-06-09,stop_loss,-0.05,6.6785,1.0,0.0,-0.050000000000000044
601636:b1_staged:5:20260605,601636,5,2026-06-05,2026-06-09,stop_loss,-0.05,6.6785,1.0,0.0,-0.050000000000000044
603228:b1_staged:1:20260610,603228,1,2026-06-10,2026-06-11,expiry,0.00610565436687005,75.8,1.0,0.0,0.00610565436687005
603228:b1_staged:2:20260610,603228,2,2026-06-10,2026-06-12,expiry,-0.02973188213432454,73.1,1.0,0.0,-0.02973188213432454
603228:b1_staged:3:20260610,603228,3,2026-06-10,2026-06-15,take_profit,0.05,79.10700000000001,0.3333333333333333,0.6666666666666667,0.050000000000000044
603228:b1_staged:3:20260610,603228,3,2026-06-10,2026-06-15,expiry,0.054950889301831785,79.48,0.6666666666666667,0.0,0.054950889301831785
603228:b1_staged:4:20260610,603228,4,2026-06-10,2026-06-15,take_profit,0.05,79.10700000000001,0.3333333333333333,0.6666666666666667,0.050000000000000044
603228:b1_staged:4:20260610,603228,4,2026-06-10,2026-06-16,expiry,0.037297584284576635,78.15,0.6666666666666667,0.0,0.037297584284576635
603228:b1_staged:5:20260610,603228,5,2026-06-10,2026-06-15,take_profit,0.05,79.10700000000001,0.3333333333333333,0.6666666666666667,0.050000000000000044
603228:b1_staged:5:20260610,603228,5,2026-06-10,2026-06-17,expiry,0.07194053623573127,80.76,0.6666666666666667,0.0,0.07194053623573127
603228:b1_staged:1:20260625,603228,1,2026-06-25,2026-06-26,stop_loss,-0.05,73.74849999999999,1.0,0.0,-0.050000000000000044
603228:b1_staged:2:20260625,603228,2,2026-06-25,2026-06-26,stop_loss,-0.05,73.74849999999999,1.0,0.0,-0.050000000000000044
603228:b1_staged:3:20260625,603228,3,2026-06-25,2026-06-26,stop_loss,-0.05,73.74849999999999,1.0,0.0,-0.050000000000000044
603267:b1_staged:1:20260616,603267,1,2026-06-16,2026-06-17,expiry,0.038349716184410854,75.0,1.0,0.0,0.038349716184410854
603267:b1_staged:2:20260616,603267,2,2026-06-16,2026-06-18,take_profit,0.05,75.84150000000001,0.3333333333333333,0.6666666666666667,0.050000000000000044
603267:b1_staged:2:20260616,603267,2,2026-06-16,2026-06-18,expiry,0.05731690433337944,76.37,0.6666666666666667,0.0,0.05731690433337944
603267:b1_staged:3:20260616,603267,3,2026-06-16,2026-06-18,take_profit,0.05,75.84150000000001,0.3333333333333333,0.6666666666666667,0.050000000000000044
603267:b1_staged:3:20260616,603267,3,2026-06-16,2026-06-22,expiry,0.04707185380035983,75.63,0.6666666666666667,0.0,0.04707185380035983
603267:b1_staged:4:20260616,603267,4,2026-06-16,2026-06-18,take_profit,0.05,75.84150000000001,0.3333333333333333,0.6666666666666667,0.050000000000000044
603267:b1_staged:4:20260616,603267,4,2026-06-16,2026-06-23,expiry,-0.0037380589782640694,71.96,0.6666666666666667,0.0,-0.0037380589782640694
603267:b1_staged:5:20260616,603267,5,2026-06-16,2026-06-18,take_profit,0.05,75.84150000000001,0.3333333333333333,0.6666666666666667,0.050000000000000044
603267:b1_staged:5:20260616,603267,5,2026-06-16,2026-06-24,expiry,0.052194379066869745,76.0,0.6666666666666667,0.0,0.052194379066869745
603688:b1_staged:1:20260605,603688,1,2026-06-05,2026-06-08,stop_loss,-0.05,66.01549999999999,1.0,0.0,-0.050000000000000044
603688:b1_staged:2:20260605,603688,2,2026-06-05,2026-06-08,stop_loss,-0.05,66.01549999999999,1.0,0.0,-0.050000000000000044
603688:b1_staged:3:20260605,603688,3,2026-06-05,2026-06-08,stop_loss,-0.05,66.01549999999999,1.0,0.0,-0.050000000000000044
603688:b1_staged:4:20260605,603688,4,2026-06-05,2026-06-08,stop_loss,-0.05,66.01549999999999,1.0,0.0,-0.050000000000000044
603688:b1_staged:5:20260605,603688,5,2026-06-05,2026-06-08,stop_loss,-0.05,66.01549999999999,1.0,0.0,-0.050000000000000044
688003:b1_staged:1:20260603,688003,1,2026-06-03,2026-06-04,stop_loss,-0.05,105.7445,1.0,0.0,-0.050000000000000044
688003:b1_staged:2:20260603,688003,2,2026-06-03,2026-06-04,stop_loss,-0.05,105.7445,1.0,0.0,-0.050000000000000044
688003:b1_staged:3:20260603,688003,3,2026-06-03,2026-06-04,stop_loss,-0.05,105.7445,1.0,0.0,-0.050000000000000044
688003:b1_staged:4:20260603,688003,4,2026-06-03,2026-06-04,stop_loss,-0.05,105.7445,1.0,0.0,-0.050000000000000044
688003:b1_staged:5:20260603,688003,5,2026-06-03,2026-06-04,stop_loss,-0.05,105.7445,1.0,0.0,-0.050000000000000044
688003:b1_staged:1:20260612,688003,1,2026-06-12,2026-06-15,expiry,0.02948146743767177,108.6,1.0,0.0,0.02948146743767177
688003:b1_staged:2:20260612,688003,2,2026-06-12,2026-06-16,take_profit,0.05,110.7645,0.3333333333333333,0.6666666666666667,0.050000000000000044
688003:b1_staged:2:20260612,688003,2,2026-06-12,2026-06-16,expiry,0.03668594179543083,109.36,0.6666666666666667,0.0,0.03668594179543083
688003:b1_staged:3:20260612,688003,3,2026-06-12,2026-06-16,take_profit,0.05,110.7645,0.3333333333333333,0.6666666666666667,0.050000000000000044
688003:b1_staged:3:20260612,688003,3,2026-06-12,2026-06-17,take_profit,0.1,116.039,0.3333333333333333,0.3333333333333334,0.10000000000000009
688003:b1_staged:3:20260612,688003,3,2026-06-12,2026-06-17,expiry,0.10152621101526216,116.2,0.3333333333333334,0.0,0.10152621101526216
688003:b1_staged:4:20260612,688003,4,2026-06-12,2026-06-16,take_profit,0.05,110.7645,0.3333333333333333,0.6666666666666667,0.050000000000000044
688003:b1_staged:4:20260612,688003,4,2026-06-12,2026-06-17,take_profit,0.1,116.039,0.3333333333333333,0.3333333333333334,0.10000000000000009
688003:b1_staged:4:20260612,688003,4,2026-06-12,2026-06-18,take_profit,0.15,121.31349999999999,0.3333333333333334,0.0,0.1499999999999999
688003:b1_staged:5:20260612,688003,5,2026-06-12,2026-06-16,take_profit,0.05,110.7645,0.3333333333333333,0.6666666666666667,0.050000000000000044
688003:b1_staged:5:20260612,688003,5,2026-06-12,2026-06-17,take_profit,0.1,116.039,0.3333333333333333,0.3333333333333334,0.10000000000000009
688003:b1_staged:5:20260612,688003,5,2026-06-12,2026-06-18,take_profit,0.15,121.31349999999999,0.3333333333333334,0.0,0.1499999999999999
688008:b1_staged:1:20260603,688008,1,2026-06-03,2026-06-04,expiry,0.02272548247341466,259.67,1.0,0.0,0.02272548247341466
688008:b1_staged:2:20260603,688008,2,2026-06-03,2026-06-05,stop_loss,-0.05,241.20499999999998,1.0,0.0,-0.050000000000000044
688008:b1_staged:3:20260603,688008,3,2026-06-03,2026-06-05,stop_loss,-0.05,241.20499999999998,1.0,0.0,-0.050000000000000044
688008:b1_staged:4:20260603,688008,4,2026-06-03,2026-06-05,stop_loss,-0.05,241.20499999999998,1.0,0.0,-0.050000000000000044
688008:b1_staged:5:20260603,688008,5,2026-06-03,2026-06-05,stop_loss,-0.05,241.20499999999998,1.0,0.0,-0.050000000000000044
688008:b1_staged:1:20260615,688008,1,2026-06-15,2026-06-16,expiry,0.016951270304039978,244.17,1.0,0.0,0.016951270304039978
688008:b1_staged:2:20260615,688008,2,2026-06-15,2026-06-17,take_profit,0.05,252.10500000000002,0.3333333333333333,0.6666666666666667,0.050000000000000044
688008:b1_staged:2:20260615,688008,2,2026-06-15,2026-06-17,expiry,0.09329446064139946,262.5,0.6666666666666667,0.0,0.09329446064139946
688008:b1_staged:3:20260615,688008,3,2026-06-15,2026-06-17,take_profit,0.05,252.10500000000002,0.3333333333333333,0.6666666666666667,0.050000000000000044
688008:b1_staged:3:20260615,688008,3,2026-06-15,2026-06-18,take_profit,0.1,264.11,0.3333333333333333,0.3333333333333334,0.10000000000000009
688008:b1_staged:3:20260615,688008,3,2026-06-15,2026-06-18,expiry,0.12411495210329027,269.9,0.3333333333333334,0.0,0.12411495210329027
688008:b1_staged:4:20260615,688008,4,2026-06-15,2026-06-17,take_profit,0.05,252.10500000000002,0.3333333333333333,0.6666666666666667,0.050000000000000044
688008:b1_staged:4:20260615,688008,4,2026-06-15,2026-06-18,take_profit,0.1,264.11,0.3333333333333333,0.3333333333333334,0.10000000000000009
688008:b1_staged:4:20260615,688008,4,2026-06-15,2026-06-22,take_profit,0.15,276.11499999999995,0.3333333333333334,0.0,0.1499999999999999
688008:b1_staged:5:20260615,688008,5,2026-06-15,2026-06-17,take_profit,0.05,252.10500000000002,0.3333333333333333,0.6666666666666667,0.050000000000000044
688008:b1_staged:5:20260615,688008,5,2026-06-15,2026-06-18,take_profit,0.1,264.11,0.3333333333333333,0.3333333333333334,0.10000000000000009
688008:b1_staged:5:20260615,688008,5,2026-06-15,2026-06-22,take_profit,0.15,276.11499999999995,0.3333333333333334,0.0,0.1499999999999999
688037:b1_staged:1:20260603,688037,1,2026-06-03,2026-06-04,expiry,0.006538237011091574,258.63,1.0,0.0,0.006538237011091574
688037:b1_staged:2:20260603,688037,2,2026-06-03,2026-06-05,stop_loss,-0.05,244.10249999999996,1.0,0.0,-0.050000000000000044
688037:b1_staged:3:20260603,688037,3,2026-06-03,2026-06-05,stop_loss,-0.05,244.10249999999996,1.0,0.0,-0.050000000000000044
688037:b1_staged:4:20260603,688037,4,2026-06-03,2026-06-05,stop_loss,-0.05,244.10249999999996,1.0,0.0,-0.050000000000000044
688037:b1_staged:5:20260603,688037,5,2026-06-03,2026-06-05,stop_loss,-0.05,244.10249999999996,1.0,0.0,-0.050000000000000044
688072:b1_staged:1:20260603,688072,1,2026-06-03,2026-06-04,expiry,0.012234154900973238,623.02,1.0,0.0,0.012234154900973238
688072:b1_staged:2:20260603,688072,2,2026-06-03,2026-06-05,stop_loss,-0.05,584.7155,1.0,0.0,-0.04999999999999993
688072:b1_staged:3:20260603,688072,3,2026-06-03,2026-06-05,stop_loss,-0.05,584.7155,1.0,0.0,-0.04999999999999993
688072:b1_staged:4:20260603,688072,4,2026-06-03,2026-06-05,stop_loss,-0.05,584.7155,1.0,0.0,-0.04999999999999993
688072:b1_staged:5:20260603,688072,5,2026-06-03,2026-06-05,stop_loss,-0.05,584.7155,1.0,0.0,-0.04999999999999993
688072:b1_staged:1:20260610,688072,1,2026-06-10,2026-06-11,take_profit,0.05,648.9,0.3333333333333333,0.6666666666666667,0.050000000000000044
688072:b1_staged:1:20260610,688072,1,2026-06-10,2026-06-11,expiry,0.06030744336569582,655.27,0.6666666666666667,0.0,0.06030744336569582
688072:b1_staged:2:20260610,688072,2,2026-06-10,2026-06-11,take_profit,0.05,648.9,0.3333333333333333,0.6666666666666667,0.050000000000000044
688072:b1_staged:2:20260610,688072,2,2026-06-10,2026-06-12,take_profit,0.1,679.8000000000001,0.3333333333333333,0.3333333333333334,0.10000000000000009
688072:b1_staged:2:20260610,688072,2,2026-06-10,2026-06-12,take_profit,0.15,710.6999999999999,0.3333333333333334,0.0,0.1499999999999999
688072:b1_staged:3:20260610,688072,3,2026-06-10,2026-06-11,take_profit,0.05,648.9,0.3333333333333333,0.6666666666666667,0.050000000000000044
688072:b1_staged:3:20260610,688072,3,2026-06-10,2026-06-12,take_profit,0.1,679.8000000000001,0.3333333333333333,0.3333333333333334,0.10000000000000009
688072:b1_staged:3:20260610,688072,3,2026-06-10,2026-06-12,take_profit,0.15,710.6999999999999,0.3333333333333334,0.0,0.1499999999999999
688072:b1_staged:4:20260610,688072,4,2026-06-10,2026-06-11,take_profit,0.05,648.9,0.3333333333333333,0.6666666666666667,0.050000000000000044
688072:b1_staged:4:20260610,688072,4,2026-06-10,2026-06-12,take_profit,0.1,679.8000000000001,0.3333333333333333,0.3333333333333334,0.10000000000000009
688072:b1_staged:4:20260610,688072,4,2026-06-10,2026-06-12,take_profit,0.15,710.6999999999999,0.3333333333333334,0.0,0.1499999999999999
688072:b1_staged:5:20260610,688072,5,2026-06-10,2026-06-11,take_profit,0.05,648.9,0.3333333333333333,0.6666666666666667,0.050000000000000044
688072:b1_staged:5:20260610,688072,5,2026-06-10,2026-06-12,take_profit,0.1,679.8000000000001,0.3333333333333333,0.3333333333333334,0.10000000000000009
688072:b1_staged:5:20260610,688072,5,2026-06-10,2026-06-12,take_profit,0.15,710.6999999999999,0.3333333333333334,0.0,0.1499999999999999
688126:b1_staged:1:20260604,688126,1,2026-06-04,2026-06-05,expiry,-0.012478336221837139,28.49,1.0,0.0,-0.012478336221837139
688126:b1_staged:2:20260604,688126,2,2026-06-04,2026-06-08,stop_loss,-0.05,27.4075,1.0,0.0,-0.050000000000000044
688126:b1_staged:3:20260604,688126,3,2026-06-04,2026-06-08,stop_loss,-0.05,27.4075,1.0,0.0,-0.050000000000000044
688126:b1_staged:4:20260604,688126,4,2026-06-04,2026-06-08,stop_loss,-0.05,27.4075,1.0,0.0,-0.050000000000000044
688126:b1_staged:5:20260604,688126,5,2026-06-04,2026-06-08,stop_loss,-0.05,27.4075,1.0,0.0,-0.050000000000000044
688170:b1_staged:1:20260605,688170,1,2026-06-05,2026-06-08,stop_loss,-0.05,76.1425,1.0,0.0,-0.050000000000000044
688170:b1_staged:2:20260605,688170,2,2026-06-05,2026-06-08,stop_loss,-0.05,76.1425,1.0,0.0,-0.050000000000000044
688170:b1_staged:3:20260605,688170,3,2026-06-05,2026-06-08,stop_loss,-0.05,76.1425,1.0,0.0,-0.050000000000000044
688170:b1_staged:4:20260605,688170,4,2026-06-05,2026-06-08,stop_loss,-0.05,76.1425,1.0,0.0,-0.050000000000000044
688170:b1_staged:5:20260605,688170,5,2026-06-05,2026-06-08,stop_loss,-0.05,76.1425,1.0,0.0,-0.050000000000000044
688170:b1_staged:1:20260615,688170,1,2026-06-15,2026-06-16,expiry,0.023264401772525867,83.13,1.0,0.0,0.023264401772525867
688170:b1_staged:2:20260615,688170,2,2026-06-15,2026-06-17,take_profit,0.05,85.30199999999999,0.3333333333333333,0.6666666666666667,0.050000000000000044
688170:b1_staged:2:20260615,688170,2,2026-06-15,2026-06-17,take_profit,0.1,89.364,0.3333333333333333,0.3333333333333334,0.10000000000000009
688170:b1_staged:2:20260615,688170,2,2026-06-15,2026-06-17,expiry,0.05600689315608087,85.79,0.3333333333333334,0.0,0.05600689315608087
688170:b1_staged:3:20260615,688170,3,2026-06-15,2026-06-17,take_profit,0.05,85.30199999999999,0.3333333333333333,0.6666666666666667,0.050000000000000044
688170:b1_staged:3:20260615,688170,3,2026-06-15,2026-06-17,take_profit,0.1,89.364,0.3333333333333333,0.3333333333333334,0.10000000000000009
688170:b1_staged:3:20260615,688170,3,2026-06-15,2026-06-18,expiry,0.049359921221073355,85.25,0.3333333333333334,0.0,0.049359921221073355
688170:b1_staged:4:20260615,688170,4,2026-06-15,2026-06-17,take_profit,0.05,85.30199999999999,0.3333333333333333,0.6666666666666667,0.050000000000000044
688170:b1_staged:4:20260615,688170,4,2026-06-15,2026-06-17,take_profit,0.1,89.364,0.3333333333333333,0.3333333333333334,0.10000000000000009
688170:b1_staged:4:20260615,688170,4,2026-06-15,2026-06-22,expiry,0.054899064500246286,85.7,0.3333333333333334,0.0,0.054899064500246286
688170:b1_staged:5:20260615,688170,5,2026-06-15,2026-06-17,take_profit,0.05,85.30199999999999,0.3333333333333333,0.6666666666666667,0.050000000000000044
688170:b1_staged:5:20260615,688170,5,2026-06-15,2026-06-17,take_profit,0.1,89.364,0.3333333333333333,0.3333333333333334,0.10000000000000009
688170:b1_staged:5:20260615,688170,5,2026-06-15,2026-06-23,expiry,0.015386509108813451,82.49,0.3333333333333334,0.0,0.015386509108813451
688183:b1_staged:1:20260609,688183,1,2026-06-09,2026-06-10,stop_loss,-0.05,118.655,1.0,0.0,-0.050000000000000044
688183:b1_staged:2:20260609,688183,2,2026-06-09,2026-06-10,stop_loss,-0.05,118.655,1.0,0.0,-0.050000000000000044
688183:b1_staged:3:20260609,688183,3,2026-06-09,2026-06-10,stop_loss,-0.05,118.655,1.0,0.0,-0.050000000000000044
688183:b1_staged:4:20260609,688183,4,2026-06-09,2026-06-10,stop_loss,-0.05,118.655,1.0,0.0,-0.050000000000000044
688183:b1_staged:5:20260609,688183,5,2026-06-09,2026-06-10,stop_loss,-0.05,118.655,1.0,0.0,-0.050000000000000044
688187:b1_staged:1:20260609,688187,1,2026-06-09,2026-06-10,stop_loss,-0.05,55.004999999999995,1.0,0.0,-0.050000000000000044
688187:b1_staged:2:20260609,688187,2,2026-06-09,2026-06-10,stop_loss,-0.05,55.004999999999995,1.0,0.0,-0.050000000000000044
688187:b1_staged:3:20260609,688187,3,2026-06-09,2026-06-10,stop_loss,-0.05,55.004999999999995,1.0,0.0,-0.050000000000000044
688187:b1_staged:4:20260609,688187,4,2026-06-09,2026-06-10,stop_loss,-0.05,55.004999999999995,1.0,0.0,-0.050000000000000044
688187:b1_staged:5:20260609,688187,5,2026-06-09,2026-06-10,stop_loss,-0.05,55.004999999999995,1.0,0.0,-0.050000000000000044
688200:b1_staged:1:20260604,688200,1,2026-06-04,2026-06-05,expiry,-0.02965986394557818,427.92,1.0,0.0,-0.02965986394557818
688200:b1_staged:2:20260604,688200,2,2026-06-04,2026-06-08,stop_loss,-0.05,418.95,1.0,0.0,-0.050000000000000044
688200:b1_staged:3:20260604,688200,3,2026-06-04,2026-06-08,stop_loss,-0.05,418.95,1.0,0.0,-0.050000000000000044
688200:b1_staged:4:20260604,688200,4,2026-06-04,2026-06-08,stop_loss,-0.05,418.95,1.0,0.0,-0.050000000000000044
688200:b1_staged:5:20260604,688200,5,2026-06-04,2026-06-08,stop_loss,-0.05,418.95,1.0,0.0,-0.050000000000000044
688206:b1_staged:1:20260604,688206,1,2026-06-04,2026-06-05,expiry,-0.005897435897435854,38.77,1.0,0.0,-0.005897435897435854
688206:b1_staged:2:20260604,688206,2,2026-06-04,2026-06-08,stop_loss,-0.05,37.05,1.0,0.0,-0.050000000000000044
688206:b1_staged:3:20260604,688206,3,2026-06-04,2026-06-08,stop_loss,-0.05,37.05,1.0,0.0,-0.050000000000000044
688206:b1_staged:4:20260604,688206,4,2026-06-04,2026-06-08,stop_loss,-0.05,37.05,1.0,0.0,-0.050000000000000044
688206:b1_staged:5:20260604,688206,5,2026-06-04,2026-06-08,stop_loss,-0.05,37.05,1.0,0.0,-0.050000000000000044
688206:b1_staged:1:20260608,688206,1,2026-06-08,2026-06-09,expiry,0.022567703109327875,40.78,1.0,0.0,0.022567703109327875
688206:b1_staged:2:20260608,688206,2,2026-06-08,2026-06-10,take_profit,0.05,41.874,0.3333333333333333,0.6666666666666667,0.050000000000000044
688206:b1_staged:2:20260608,688206,2,2026-06-08,2026-06-10,expiry,-0.02382146439317956,38.93,0.6666666666666667,0.0,-0.02382146439317956
688206:b1_staged:3:20260608,688206,3,2026-06-08,2026-06-10,take_profit,0.05,41.874,0.3333333333333333,0.6666666666666667,0.050000000000000044
688206:b1_staged:3:20260608,688206,3,2026-06-08,2026-06-11,expiry,0.005015045135406071,40.08,0.6666666666666667,0.0,0.005015045135406071
688206:b1_staged:4:20260608,688206,4,2026-06-08,2026-06-10,take_profit,0.05,41.874,0.3333333333333333,0.6666666666666667,0.050000000000000044
688206:b1_staged:4:20260608,688206,4,2026-06-08,2026-06-12,stop_loss,-0.05,37.886,0.6666666666666667,0.0,-0.050000000000000044
688206:b1_staged:5:20260608,688206,5,2026-06-08,2026-06-10,take_profit,0.05,41.874,0.3333333333333333,0.6666666666666667,0.050000000000000044
688206:b1_staged:5:20260608,688206,5,2026-06-08,2026-06-12,stop_loss,-0.05,37.886,0.6666666666666667,0.0,-0.050000000000000044
688206:b1_staged:1:20260624,688206,1,2026-06-24,2026-06-25,expiry,-0.016339869281045694,39.13,1.0,0.0,-0.016339869281045694
688206:b1_staged:2:20260624,688206,2,2026-06-24,2026-06-26,stop_loss,-0.05,37.791,1.0,0.0,-0.050000000000000155
688206:b1_staged:3:20260624,688206,3,2026-06-24,2026-06-26,stop_loss,-0.05,37.791,1.0,0.0,-0.050000000000000155
688206:b1_staged:4:20260624,688206,4,2026-06-24,2026-06-26,stop_loss,-0.05,37.791,1.0,0.0,-0.050000000000000155
688256:b1_staged:1:20260603,688256,1,2026-06-03,2026-06-04,expiry,-0.013932225527900632,1358.9,1.0,0.0,-0.013932225527900632
688256:b1_staged:2:20260603,688256,2,2026-06-03,2026-06-05,stop_loss,-0.05,1309.195,1.0,0.0,-0.04999999999999993
688256:b1_staged:3:20260603,688256,3,2026-06-03,2026-06-05,stop_loss,-0.05,1309.195,1.0,0.0,-0.04999999999999993
688256:b1_staged:4:20260603,688256,4,2026-06-03,2026-06-05,stop_loss,-0.05,1309.195,1.0,0.0,-0.04999999999999993
688256:b1_staged:5:20260603,688256,5,2026-06-03,2026-06-05,stop_loss,-0.05,1309.195,1.0,0.0,-0.04999999999999993
688313:b1_staged:1:20260603,688313,1,2026-06-03,2026-06-04,expiry,-0.020194243752220897,165.45,1.0,0.0,-0.020194243752220897
688313:b1_staged:2:20260603,688313,2,2026-06-03,2026-06-05,stop_loss,-0.05,160.417,1.0,0.0,-0.050000000000000044
688313:b1_staged:3:20260603,688313,3,2026-06-03,2026-06-05,stop_loss,-0.05,160.417,1.0,0.0,-0.050000000000000044
688313:b1_staged:4:20260603,688313,4,2026-06-03,2026-06-05,stop_loss,-0.05,160.417,1.0,0.0,-0.050000000000000044
688313:b1_staged:5:20260603,688313,5,2026-06-03,2026-06-05,stop_loss,-0.05,160.417,1.0,0.0,-0.050000000000000044
688313:b1_staged:1:20260615,688313,1,2026-06-15,2026-06-16,take_profit,0.05,174.8565,0.3333333333333333,0.6666666666666667,0.050000000000000044
688313:b1_staged:1:20260615,688313,1,2026-06-15,2026-06-16,expiry,0.03831141536059568,172.91,0.6666666666666667,0.0,0.03831141536059568
688313:b1_staged:2:20260615,688313,2,2026-06-15,2026-06-16,take_profit,0.05,174.8565,0.3333333333333333,0.6666666666666667,0.050000000000000044
688313:b1_staged:2:20260615,688313,2,2026-06-15,2026-06-17,expiry,0.01795472287275568,169.52,0.6666666666666667,0.0,0.01795472287275568
688313:b1_staged:3:20260615,688313,3,2026-06-15,2026-06-16,take_profit,0.05,174.8565,0.3333333333333333,0.6666666666666667,0.050000000000000044
688313:b1_staged:3:20260615,688313,3,2026-06-15,2026-06-18,expiry,0.053503873176004246,175.44,0.6666666666666667,0.0,0.053503873176004246
688313:b1_staged:4:20260615,688313,4,2026-06-15,2026-06-16,take_profit,0.05,174.8565,0.3333333333333333,0.6666666666666667,0.050000000000000044
688313:b1_staged:4:20260615,688313,4,2026-06-15,2026-06-22,take_profit,0.1,183.18300000000002,0.3333333333333333,0.3333333333333334,0.10000000000000009
688313:b1_staged:4:20260615,688313,4,2026-06-15,2026-06-22,expiry,0.09619888308412894,182.55,0.3333333333333334,0.0,0.09619888308412894
688313:b1_staged:5:20260615,688313,5,2026-06-15,2026-06-16,take_profit,0.05,174.8565,0.3333333333333333,0.6666666666666667,0.050000000000000044
688313:b1_staged:5:20260615,688313,5,2026-06-15,2026-06-22,take_profit,0.1,183.18300000000002,0.3333333333333333,0.3333333333333334,0.10000000000000009
688313:b1_staged:5:20260615,688313,5,2026-06-15,2026-06-23,take_profit,0.15,191.50949999999997,0.3333333333333334,0.0,0.1499999999999999
688347:b1_staged:1:20260615,688347,1,2026-06-15,2026-06-16,expiry,0.0009232835319792354,238.5,1.0,0.0,0.0009232835319792354
688347:b1_staged:2:20260615,688347,2,2026-06-15,2026-06-17,take_profit,0.05,250.19400000000002,0.3333333333333333,0.6666666666666667,0.050000000000000044
688347:b1_staged:2:20260615,688347,2,2026-06-15,2026-06-17,expiry,0.09409098539533312,260.7,0.6666666666666667,0.0,0.09409098539533312
688347:b1_staged:3:20260615,688347,3,2026-06-15,2026-06-17,take_profit,0.05,250.19400000000002,0.3333333333333333,0.6666666666666667,0.050000000000000044
688347:b1_staged:3:20260615,688347,3,2026-06-15,2026-06-18,take_profit,0.1,262.108,0.3333333333333333,0.3333333333333334,0.10000000000000009
688347:b1_staged:3:20260615,688347,3,2026-06-15,2026-06-18,take_profit,0.15,274.022,0.3333333333333334,0.0,0.1499999999999999
688347:b1_staged:4:20260615,688347,4,2026-06-15,2026-06-17,take_profit,0.05,250.19400000000002,0.3333333333333333,0.6666666666666667,0.050000000000000044
688347:b1_staged:4:20260615,688347,4,2026-06-15,2026-06-18,take_profit,0.1,262.108,0.3333333333333333,0.3333333333333334,0.10000000000000009
688347:b1_staged:4:20260615,688347,4,2026-06-15,2026-06-18,take_profit,0.15,274.022,0.3333333333333334,0.0,0.1499999999999999
688347:b1_staged:5:20260615,688347,5,2026-06-15,2026-06-17,take_profit,0.05,250.19400000000002,0.3333333333333333,0.6666666666666667,0.050000000000000044
688347:b1_staged:5:20260615,688347,5,2026-06-15,2026-06-18,take_profit,0.1,262.108,0.3333333333333333,0.3333333333333334,0.10000000000000009
688347:b1_staged:5:20260615,688347,5,2026-06-15,2026-06-18,take_profit,0.15,274.022,0.3333333333333334,0.0,0.1499999999999999
688396:b1_staged:1:20260615,688396,1,2026-06-15,2026-06-16,take_profit,0.05,72.2925,0.3333333333333333,0.6666666666666667,0.050000000000000044
688396:b1_staged:1:20260615,688396,1,2026-06-15,2026-06-16,expiry,0.042120551924473615,71.75,0.6666666666666667,0.0,0.042120551924473615
688396:b1_staged:2:20260615,688396,2,2026-06-15,2026-06-16,take_profit,0.05,72.2925,0.3333333333333333,0.6666666666666667,0.050000000000000044
688396:b1_staged:2:20260615,688396,2,2026-06-15,2026-06-17,expiry,0.07160493827160508,73.78,0.6666666666666667,0.0,0.07160493827160508
688396:b1_staged:3:20260615,688396,3,2026-06-15,2026-06-16,take_profit,0.05,72.2925,0.3333333333333333,0.6666666666666667,0.050000000000000044
688396:b1_staged:3:20260615,688396,3,2026-06-15,2026-06-18,expiry,0.06884531590413956,73.59,0.6666666666666667,0.0,0.06884531590413956
688396:b1_staged:4:20260615,688396,4,2026-06-15,2026-06-16,take_profit,0.05,72.2925,0.3333333333333333,0.6666666666666667,0.050000000000000044
688396:b1_staged:4:20260615,688396,4,2026-06-15,2026-06-22,take_profit,0.1,75.735,0.3333333333333333,0.3333333333333334,0.10000000000000009
688396:b1_staged:4:20260615,688396,4,2026-06-15,2026-06-22,take_profit,0.15,79.17749999999998,0.3333333333333334,0.0,0.1499999999999999
688396:b1_staged:5:20260615,688396,5,2026-06-15,2026-06-16,take_profit,0.05,72.2925,0.3333333333333333,0.6666666666666667,0.050000000000000044
688396:b1_staged:5:20260615,688396,5,2026-06-15,2026-06-22,take_profit,0.1,75.735,0.3333333333333333,0.3333333333333334,0.10000000000000009
688396:b1_staged:5:20260615,688396,5,2026-06-15,2026-06-22,take_profit,0.15,79.17749999999998,0.3333333333333334,0.0,0.1499999999999999
688409:b1_staged:1:20260609,688409,1,2026-06-09,2026-06-10,take_profit,0.05,172.8195,0.3333333333333333,0.6666666666666667,0.050000000000000044
688409:b1_staged:1:20260609,688409,1,2026-06-09,2026-06-10,expiry,0.00249103833768749,165.0,0.6666666666666667,0.0,0.00249103833768749
688409:b1_staged:2:20260609,688409,2,2026-06-09,2026-06-10,take_profit,0.05,172.8195,0.3333333333333333,0.6666666666666667,0.050000000000000044
688409:b1_staged:2:20260609,688409,2,2026-06-09,2026-06-11,expiry,0.06737954918281797,175.68,0.6666666666666667,0.0,0.06737954918281797
688409:b1_staged:3:20260609,688409,3,2026-06-09,2026-06-10,take_profit,0.05,172.8195,0.3333333333333333,0.6666666666666667,0.050000000000000044
688409:b1_staged:3:20260609,688409,3,2026-06-09,2026-06-12,take_profit,0.1,181.049,0.3333333333333333,0.3333333333333334,0.10000000000000009
688409:b1_staged:3:20260609,688409,3,2026-06-09,2026-06-12,take_profit,0.15,189.27849999999998,0.3333333333333334,0.0,0.1499999999999999
688409:b1_staged:4:20260609,688409,4,2026-06-09,2026-06-10,take_profit,0.05,172.8195,0.3333333333333333,0.6666666666666667,0.050000000000000044
688409:b1_staged:4:20260609,688409,4,2026-06-09,2026-06-12,take_profit,0.1,181.049,0.3333333333333333,0.3333333333333334,0.10000000000000009
688409:b1_staged:4:20260609,688409,4,2026-06-09,2026-06-12,take_profit,0.15,189.27849999999998,0.3333333333333334,0.0,0.1499999999999999
688409:b1_staged:5:20260609,688409,5,2026-06-09,2026-06-10,take_profit,0.05,172.8195,0.3333333333333333,0.6666666666666667,0.050000000000000044
688409:b1_staged:5:20260609,688409,5,2026-06-09,2026-06-12,take_profit,0.1,181.049,0.3333333333333333,0.3333333333333334,0.10000000000000009
688409:b1_staged:5:20260609,688409,5,2026-06-09,2026-06-12,take_profit,0.15,189.27849999999998,0.3333333333333334,0.0,0.1499999999999999
688711:b1_staged:1:20260604,688711,1,2026-06-04,2026-06-05,stop_loss,-0.05,32.7465,1.0,0.0,-0.050000000000000044
688711:b1_staged:2:20260604,688711,2,2026-06-04,2026-06-05,stop_loss,-0.05,32.7465,1.0,0.0,-0.050000000000000044
688711:b1_staged:3:20260604,688711,3,2026-06-04,2026-06-05,stop_loss,-0.05,32.7465,1.0,0.0,-0.050000000000000044
688711:b1_staged:4:20260604,688711,4,2026-06-04,2026-06-05,stop_loss,-0.05,32.7465,1.0,0.0,-0.050000000000000044
688711:b1_staged:5:20260604,688711,5,2026-06-04,2026-06-05,stop_loss,-0.05,32.7465,1.0,0.0,-0.050000000000000044
688711:b1_staged:1:20260609,688711,1,2026-06-09,2026-06-10,stop_loss,-0.05,33.905499999999996,1.0,0.0,-0.050000000000000044
688711:b1_staged:2:20260609,688711,2,2026-06-09,2026-06-10,stop_loss,-0.05,33.905499999999996,1.0,0.0,-0.050000000000000044
688711:b1_staged:3:20260609,688711,3,2026-06-09,2026-06-10,stop_loss,-0.05,33.905499999999996,1.0,0.0,-0.050000000000000044
688711:b1_staged:4:20260609,688711,4,2026-06-09,2026-06-10,stop_loss,-0.05,33.905499999999996,1.0,0.0,-0.050000000000000044
688711:b1_staged:5:20260609,688711,5,2026-06-09,2026-06-10,stop_loss,-0.05,33.905499999999996,1.0,0.0,-0.050000000000000044
688766:b1_staged:1:20260604,688766,1,2026-06-04,2026-06-05,stop_loss,-0.05,405.9825,1.0,0.0,-0.050000000000000044
688766:b1_staged:2:20260604,688766,2,2026-06-04,2026-06-05,stop_loss,-0.05,405.9825,1.0,0.0,-0.050000000000000044
688766:b1_staged:3:20260604,688766,3,2026-06-04,2026-06-05,stop_loss,-0.05,405.9825,1.0,0.0,-0.050000000000000044
688766:b1_staged:4:20260604,688766,4,2026-06-04,2026-06-05,stop_loss,-0.05,405.9825,1.0,0.0,-0.050000000000000044
688766:b1_staged:5:20260604,688766,5,2026-06-04,2026-06-05,stop_loss,-0.05,405.9825,1.0,0.0,-0.050000000000000044
000021:b1_staged:1:20260610,000021,1,2026-06-10,2026-06-11,expiry,0.013485477178423189,39.08,1.0,0.0,0.013485477178423189
000021:b1_staged:2:20260610,000021,2,2026-06-10,2026-06-12,take_profit,0.05,40.48800000000001,0.3333333333333333,0.6666666666666667,0.050000000000000044
000021:b1_staged:2:20260610,000021,2,2026-06-10,2026-06-12,expiry,-0.038122406639004125,37.09,0.6666666666666667,0.0,-0.038122406639004125
000021:b1_staged:3:20260610,000021,3,2026-06-10,2026-06-12,take_profit,0.05,40.48800000000001,0.3333333333333333,0.6666666666666667,0.050000000000000044
000021:b1_staged:3:20260610,000021,3,2026-06-10,2026-06-15,stop_loss,-0.05,36.632,0.6666666666666667,0.0,-0.050000000000000155
000021:b1_staged:4:20260610,000021,4,2026-06-10,2026-06-12,take_profit,0.05,40.48800000000001,0.3333333333333333,0.6666666666666667,0.050000000000000044
000021:b1_staged:4:20260610,000021,4,2026-06-10,2026-06-15,stop_loss,-0.05,36.632,0.6666666666666667,0.0,-0.050000000000000155
000021:b1_staged:5:20260610,000021,5,2026-06-10,2026-06-12,take_profit,0.05,40.48800000000001,0.3333333333333333,0.6666666666666667,0.050000000000000044
000021:b1_staged:5:20260610,000021,5,2026-06-10,2026-06-15,stop_loss,-0.05,36.632,0.6666666666666667,0.0,-0.050000000000000155
000733:b1_staged:1:20260616,000733,1,2026-06-16,2026-06-17,expiry,0.031771388001419876,58.13,1.0,0.0,0.031771388001419876
000733:b1_staged:2:20260616,000733,2,2026-06-16,2026-06-18,take_profit,0.05,59.157000000000004,0.3333333333333333,0.6666666666666667,0.050000000000000044
000733:b1_staged:2:20260616,000733,2,2026-06-16,2026-06-18,expiry,0.06123535676251324,59.79,0.6666666666666667,0.0,0.06123535676251324
000733:b1_staged:3:20260616,000733,3,2026-06-16,2026-06-18,take_profit,0.05,59.157000000000004,0.3333333333333333,0.6666666666666667,0.050000000000000044
000733:b1_staged:3:20260616,000733,3,2026-06-16,2026-06-22,expiry,0.05129570465033706,59.23,0.6666666666666667,0.0,0.05129570465033706
000733:b1_staged:4:20260616,000733,4,2026-06-16,2026-06-18,take_profit,0.05,59.157000000000004,0.3333333333333333,0.6666666666666667,0.050000000000000044
000733:b1_staged:4:20260616,000733,4,2026-06-16,2026-06-23,expiry,-0.0035498757543486192,56.14,0.6666666666666667,0.0,-0.0035498757543486192
000733:b1_staged:5:20260616,000733,5,2026-06-16,2026-06-18,take_profit,0.05,59.157000000000004,0.3333333333333333,0.6666666666666667,0.050000000000000044
000733:b1_staged:5:20260616,000733,5,2026-06-16,2026-06-24,expiry,0.009939652112175956,56.9,0.6666666666666667,0.0,0.009939652112175956
000988:b1_staged:1:20260603,000988,1,2026-06-03,2026-06-04,expiry,0.025714100654187666,158.36,1.0,0.0,0.025714100654187666
000988:b1_staged:2:20260603,000988,2,2026-06-03,2026-06-05,take_profit,0.05,162.1095,0.3333333333333333,0.6666666666666667,0.050000000000000044
000988:b1_staged:2:20260603,000988,2,2026-06-03,2026-06-05,expiry,0.01820066066455084,157.2,0.6666666666666667,0.0,0.01820066066455084
000988:b1_staged:3:20260603,000988,3,2026-06-03,2026-06-05,take_profit,0.05,162.1095,0.3333333333333333,0.6666666666666667,0.050000000000000044
000988:b1_staged:3:20260603,000988,3,2026-06-03,2026-06-08,stop_loss,-0.05,146.67049999999998,0.6666666666666667,0.0,-0.050000000000000044
000988:b1_staged:4:20260603,000988,4,2026-06-03,2026-06-05,take_profit,0.05,162.1095,0.3333333333333333,0.6666666666666667,0.050000000000000044
000988:b1_staged:4:20260603,000988,4,2026-06-03,2026-06-08,stop_loss,-0.05,146.67049999999998,0.6666666666666667,0.0,-0.050000000000000044
000988:b1_staged:5:20260603,000988,5,2026-06-03,2026-06-05,take_profit,0.05,162.1095,0.3333333333333333,0.6666666666666667,0.050000000000000044
000988:b1_staged:5:20260603,000988,5,2026-06-03,2026-06-08,stop_loss,-0.05,146.67049999999998,0.6666666666666667,0.0,-0.050000000000000044
002008:b1_staged:1:20260604,002008,1,2026-06-04,2026-06-05,stop_loss,-0.05,127.9175,1.0,0.0,-0.050000000000000044
002008:b1_staged:2:20260604,002008,2,2026-06-04,2026-06-05,stop_loss,-0.05,127.9175,1.0,0.0,-0.050000000000000044
002008:b1_staged:3:20260604,002008,3,2026-06-04,2026-06-05,stop_loss,-0.05,127.9175,1.0,0.0,-0.050000000000000044
002008:b1_staged:4:20260604,002008,4,2026-06-04,2026-06-05,stop_loss,-0.05,127.9175,1.0,0.0,-0.050000000000000044
002008:b1_staged:5:20260604,002008,5,2026-06-04,2026-06-05,stop_loss,-0.05,127.9175,1.0,0.0,-0.050000000000000044
002134:b1_staged:1:20260609,002134,1,2026-06-09,2026-06-10,expiry,-0.01504022385449455,28.16,1.0,0.0,-0.01504022385449455
002134:b1_staged:2:20260609,002134,2,2026-06-09,2026-06-11,expiry,-0.005596362364463148,28.43,1.0,0.0,-0.005596362364463148
002134:b1_staged:3:20260609,002134,3,2026-06-09,2026-06-12,expiry,-0.02238544945785237,27.95,1.0,0.0,-0.02238544945785237
002134:b1_staged:4:20260609,002134,4,2026-06-09,2026-06-15,expiry,0.01958726827562085,29.15,1.0,0.0,0.01958726827562085
002134:b1_staged:5:20260609,002134,5,2026-06-09,2026-06-16,expiry,0.01364113326337879,28.98,1.0,0.0,0.01364113326337879
002156:b1_staged:1:20260616,002156,1,2026-06-16,2026-06-17,take_profit,0.05,66.0765,0.3333333333333333,0.6666666666666667,0.050000000000000044
002156:b1_staged:1:20260616,002156,1,2026-06-16,2026-06-17,expiry,0.06817098363260765,67.22,0.6666666666666667,0.0,0.06817098363260765
002156:b1_staged:2:20260616,002156,2,2026-06-16,2026-06-17,take_profit,0.05,66.0765,0.3333333333333333,0.6666666666666667,0.050000000000000044
002156:b1_staged:2:20260616,002156,2,2026-06-16,2026-06-18,take_profit,0.1,69.223,0.3333333333333333,0.3333333333333334,0.10000000000000009
002156:b1_staged:2:20260616,002156,2,2026-06-16,2026-06-18,expiry,0.08485618941681228,68.27,0.3333333333333334,0.0,0.08485618941681228
002156:b1_staged:3:20260616,002156,3,2026-06-16,2026-06-17,take_profit,0.05,66.0765,0.3333333333333333,0.6666666666666667,0.050000000000000044
002156:b1_staged:3:20260616,002156,3,2026-06-16,2026-06-18,take_profit,0.1,69.223,0.3333333333333333,0.3333333333333334,0.10000000000000009
002156:b1_staged:3:20260616,002156,3,2026-06-16,2026-06-22,expiry,0.13221039249960276,71.25,0.3333333333333334,0.0,0.13221039249960276
002156:b1_staged:4:20260616,002156,4,2026-06-16,2026-06-17,take_profit,0.05,66.0765,0.3333333333333333,0.6666666666666667,0.050000000000000044
002156:b1_staged:4:20260616,002156,4,2026-06-16,2026-06-18,take_profit,0.1,69.223,0.3333333333333333,0.3333333333333334,0.10000000000000009
002156:b1_staged:4:20260616,002156,4,2026-06-16,2026-06-23,expiry,0.08723979024312722,68.42,0.3333333333333334,0.0,0.08723979024312722
002156:b1_staged:5:20260616,002156,5,2026-06-16,2026-06-17,take_profit,0.05,66.0765,0.3333333333333333,0.6666666666666667,0.050000000000000044
002156:b1_staged:5:20260616,002156,5,2026-06-16,2026-06-18,take_profit,0.1,69.223,0.3333333333333333,0.3333333333333334,0.10000000000000009
002156:b1_staged:5:20260616,002156,5,2026-06-16,2026-06-24,take_profit,0.15,72.36949999999999,0.3333333333333334,0.0,0.1499999999999999
002185:b1_staged:1:20260616,002185,1,2026-06-16,2026-06-17,take_profit,0.05,18.711000000000002,0.3333333333333333,0.6666666666666667,0.050000000000000044
002185:b1_staged:1:20260616,002185,1,2026-06-16,2026-06-17,expiry,0.06902356902356899,19.05,0.6666666666666667,0.0,0.06902356902356899
002185:b1_staged:2:20260616,002185,2,2026-06-16,2026-06-17,take_profit,0.05,18.711000000000002,0.3333333333333333,0.6666666666666667,0.050000000000000044
002185:b1_staged:2:20260616,002185,2,2026-06-16,2026-06-18,take_profit,0.1,19.602,0.3333333333333333,0.3333333333333334,0.10000000000000009
002185:b1_staged:2:20260616,002185,2,2026-06-16,2026-06-18,expiry,0.10044893378226716,19.61,0.3333333333333334,0.0,0.10044893378226716
002185:b1_staged:3:20260616,002185,3,2026-06-16,2026-06-17,take_profit,0.05,18.711000000000002,0.3333333333333333,0.6666666666666667,0.050000000000000044
002185:b1_staged:3:20260616,002185,3,2026-06-16,2026-06-18,take_profit,0.1,19.602,0.3333333333333333,0.3333333333333334,0.10000000000000009
002185:b1_staged:3:20260616,002185,3,2026-06-16,2026-06-22,expiry,0.14702581369248047,20.44,0.3333333333333334,0.0,0.14702581369248047
002185:b1_staged:4:20260616,002185,4,2026-06-16,2026-06-17,take_profit,0.05,18.711000000000002,0.3333333333333333,0.6666666666666667,0.050000000000000044
002185:b1_staged:4:20260616,002185,4,2026-06-16,2026-06-18,take_profit,0.1,19.602,0.3333333333333333,0.3333333333333334,0.10000000000000009
002185:b1_staged:4:20260616,002185,4,2026-06-16,2026-06-23,take_profit,0.15,20.493,0.3333333333333334,0.0,0.1499999999999999
002185:b1_staged:5:20260616,002185,5,2026-06-16,2026-06-17,take_profit,0.05,18.711000000000002,0.3333333333333333,0.6666666666666667,0.050000000000000044
002185:b1_staged:5:20260616,002185,5,2026-06-16,2026-06-18,take_profit,0.1,19.602,0.3333333333333333,0.3333333333333334,0.10000000000000009
002185:b1_staged:5:20260616,002185,5,2026-06-16,2026-06-23,take_profit,0.15,20.493,0.3333333333333334,0.0,0.1499999999999999
002281:b1_staged:1:20260602,002281,1,2026-06-02,2026-06-03,take_profit,0.05,225.86550000000003,0.3333333333333333,0.6666666666666667,0.050000000000000044
002281:b1_staged:1:20260602,002281,1,2026-06-02,2026-06-03,expiry,0.041327692808330596,224.0,0.6666666666666667,0.0,0.041327692808330596
002281:b1_staged:2:20260602,002281,2,2026-06-02,2026-06-03,take_profit,0.05,225.86550000000003,0.3333333333333333,0.6666666666666667,0.050000000000000044
002281:b1_staged:2:20260602,002281,2,2026-06-02,2026-06-04,expiry,0.02533587466877396,220.56,0.6666666666666667,0.0,0.02533587466877396
002281:b1_staged:3:20260602,002281,3,2026-06-02,2026-06-03,take_profit,0.05,225.86550000000003,0.3333333333333333,0.6666666666666667,0.050000000000000044
002281:b1_staged:3:20260602,002281,3,2026-06-02,2026-06-05,take_profit,0.1,236.62100000000004,0.3333333333333333,0.3333333333333334,0.10000000000000009
002281:b1_staged:3:20260602,002281,3,2026-06-02,2026-06-05,expiry,0.05797034075589225,227.58,0.3333333333333334,0.0,0.05797034075589225
002281:b1_staged:4:20260602,002281,4,2026-06-02,2026-06-03,take_profit,0.05,225.86550000000003,0.3333333333333333,0.6666666666666667,0.050000000000000044
002281:b1_staged:4:20260602,002281,4,2026-06-02,2026-06-05,take_profit,0.1,236.62100000000004,0.3333333333333333,0.3333333333333334,0.10000000000000009
002281:b1_staged:4:20260602,002281,4,2026-06-02,2026-06-08,expiry,-0.03774812886430201,206.99,0.3333333333333334,0.0,-0.03774812886430201
002281:b1_staged:5:20260602,002281,5,2026-06-02,2026-06-03,take_profit,0.05,225.86550000000003,0.3333333333333333,0.6666666666666667,0.050000000000000044
002281:b1_staged:5:20260602,002281,5,2026-06-02,2026-06-05,take_profit,0.1,236.62100000000004,0.3333333333333333,0.3333333333333334,0.10000000000000009
002281:b1_staged:5:20260602,002281,5,2026-06-02,2026-06-09,stop_loss,-0.05,204.3545,0.3333333333333334,0.0,-0.050000000000000044
002281:b1_staged:1:20260615,002281,1,2026-06-15,2026-06-16,take_profit,0.05,236.7435,0.3333333333333333,0.6666666666666667,0.050000000000000044
002281:b1_staged:1:20260615,002281,1,2026-06-15,2026-06-16,expiry,0.020135716503304257,230.01,0.6666666666666667,0.0,0.020135716503304257
002281:b1_staged:2:20260615,002281,2,2026-06-15,2026-06-16,take_profit,0.05,236.7435,0.3333333333333333,0.6666666666666667,0.050000000000000044
002281:b1_staged:2:20260615,002281,2,2026-06-15,2026-06-17,expiry,0.07331352286335213,242.0,0.6666666666666667,0.0,0.07331352286335213
002281:b1_staged:3:20260615,002281,3,2026-06-15,2026-06-16,take_profit,0.05,236.7435,0.3333333333333333,0.6666666666666667,0.050000000000000044
002281:b1_staged:3:20260615,002281,3,2026-06-15,2026-06-18,take_profit,0.1,248.01700000000002,0.3333333333333333,0.3333333333333334,0.10000000000000009
002281:b1_staged:3:20260615,002281,3,2026-06-15,2026-06-18,take_profit,0.15,259.29049999999995,0.3333333333333334,0.0,0.1499999999999997
002281:b1_staged:4:20260615,002281,4,2026-06-15,2026-06-16,take_profit,0.05,236.7435,0.3333333333333333,0.6666666666666667,0.050000000000000044
002281:b1_staged:4:20260615,002281,4,2026-06-15,2026-06-18,take_profit,0.1,248.01700000000002,0.3333333333333333,0.3333333333333334,0.10000000000000009
002281:b1_staged:4:20260615,002281,4,2026-06-15,2026-06-18,take_profit,0.15,259.29049999999995,0.3333333333333334,0.0,0.1499999999999997
002281:b1_staged:5:20260615,002281,5,2026-06-15,2026-06-16,take_profit,0.05,236.7435,0.3333333333333333,0.6666666666666667,0.050000000000000044
002281:b1_staged:5:20260615,002281,5,2026-06-15,2026-06-18,take_profit,0.1,248.01700000000002,0.3333333333333333,0.3333333333333334,0.10000000000000009
002281:b1_staged:5:20260615,002281,5,2026-06-15,2026-06-18,take_profit,0.15,259.29049999999995,0.3333333333333334,0.0,0.1499999999999997
002364:b1_staged:1:20260609,002364,1,2026-06-09,2026-06-10,stop_loss,-0.05,52.382999999999996,1.0,0.0,-0.050000000000000044
002364:b1_staged:2:20260609,002364,2,2026-06-09,2026-06-10,stop_loss,-0.05,52.382999999999996,1.0,0.0,-0.050000000000000044
002364:b1_staged:3:20260609,002364,3,2026-06-09,2026-06-10,stop_loss,-0.05,52.382999999999996,1.0,0.0,-0.050000000000000044
002364:b1_staged:4:20260609,002364,4,2026-06-09,2026-06-10,stop_loss,-0.05,52.382999999999996,1.0,0.0,-0.050000000000000044
002364:b1_staged:5:20260609,002364,5,2026-06-09,2026-06-10,stop_loss,-0.05,52.382999999999996,1.0,0.0,-0.050000000000000044
002384:b1_staged:1:20260602,002384,1,2026-06-02,2026-06-03,take_profit,0.05,221.47650000000002,0.3333333333333333,0.6666666666666667,0.050000000000000044
002384:b1_staged:1:20260602,002384,1,2026-06-02,2026-06-03,expiry,0.06191627554164891,223.99,0.6666666666666667,0.0,0.06191627554164891
002384:b1_staged:2:20260602,002384,2,2026-06-02,2026-06-03,take_profit,0.05,221.47650000000002,0.3333333333333333,0.6666666666666667,0.050000000000000044
002384:b1_staged:2:20260602,002384,2,2026-06-02,2026-06-04,take_profit,0.1,232.02300000000002,0.3333333333333333,0.3333333333333334,0.10000000000000009
002384:b1_staged:2:20260602,002384,2,2026-06-02,2026-06-04,take_profit,0.15,242.56949999999998,0.3333333333333334,0.0,0.1499999999999999
002384:b1_staged:3:20260602,002384,3,2026-06-02,2026-06-03,take_profit,0.05,221.47650000000002,0.3333333333333333,0.6666666666666667,0.050000000000000044
002384:b1_staged:3:20260602,002384,3,2026-06-02,2026-06-04,take_profit,0.1,232.02300000000002,0.3333333333333333,0.3333333333333334,0.10000000000000009
002384:b1_staged:3:20260602,002384,3,2026-06-02,2026-06-04,take_profit,0.15,242.56949999999998,0.3333333333333334,0.0,0.1499999999999999
002384:b1_staged:4:20260602,002384,4,2026-06-02,2026-06-03,take_profit,0.05,221.47650000000002,0.3333333333333333,0.6666666666666667,0.050000000000000044
002384:b1_staged:4:20260602,002384,4,2026-06-02,2026-06-04,take_profit,0.1,232.02300000000002,0.3333333333333333,0.3333333333333334,0.10000000000000009
002384:b1_staged:4:20260602,002384,4,2026-06-02,2026-06-04,take_profit,0.15,242.56949999999998,0.3333333333333334,0.0,0.1499999999999999
002384:b1_staged:5:20260602,002384,5,2026-06-02,2026-06-03,take_profit,0.05,221.47650000000002,0.3333333333333333,0.6666666666666667,0.050000000000000044
002384:b1_staged:5:20260602,002384,5,2026-06-02,2026-06-04,take_profit,0.1,232.02300000000002,0.3333333333333333,0.3333333333333334,0.10000000000000009
002384:b1_staged:5:20260602,002384,5,2026-06-02,2026-06-04,take_profit,0.15,242.56949999999998,0.3333333333333334,0.0,0.1499999999999999
002491:b1_staged:1:20260616,002491,1,2026-06-16,2026-06-17,take_profit,0.05,27.405,0.3333333333333333,0.6666666666666667,0.050000000000000044
002491:b1_staged:1:20260616,002491,1,2026-06-16,2026-06-17,expiry,0.09999999999999987,28.71,0.6666666666666667,0.0,0.09999999999999987
002491:b1_staged:2:20260616,002491,2,2026-06-16,2026-06-17,take_profit,0.05,27.405,0.3333333333333333,0.6666666666666667,0.050000000000000044
002491:b1_staged:2:20260616,002491,2,2026-06-16,2026-06-18,take_profit,0.1,28.710000000000004,0.3333333333333333,0.3333333333333334,0.10000000000000009
002491:b1_staged:2:20260616,002491,2,2026-06-16,2026-06-18,take_profit,0.15,30.015,0.3333333333333334,0.0,0.1499999999999999
002491:b1_staged:3:20260616,002491,3,2026-06-16,2026-06-17,take_profit,0.05,27.405,0.3333333333333333,0.6666666666666667,0.050000000000000044
002491:b1_staged:3:20260616,002491,3,2026-06-16,2026-06-18,take_profit,0.1,28.710000000000004,0.3333333333333333,0.3333333333333334,0.10000000000000009
002491:b1_staged:3:20260616,002491,3,2026-06-16,2026-06-18,take_profit,0.15,30.015,0.3333333333333334,0.0,0.1499999999999999
002491:b1_staged:4:20260616,002491,4,2026-06-16,2026-06-17,take_profit,0.05,27.405,0.3333333333333333,0.6666666666666667,0.050000000000000044
002491:b1_staged:4:20260616,002491,4,2026-06-16,2026-06-18,take_profit,0.1,28.710000000000004,0.3333333333333333,0.3333333333333334,0.10000000000000009
002491:b1_staged:4:20260616,002491,4,2026-06-16,2026-06-18,take_profit,0.15,30.015,0.3333333333333334,0.0,0.1499999999999999
002491:b1_staged:5:20260616,002491,5,2026-06-16,2026-06-17,take_profit,0.05,27.405,0.3333333333333333,0.6666666666666667,0.050000000000000044
002491:b1_staged:5:20260616,002491,5,2026-06-16,2026-06-18,take_profit,0.1,28.710000000000004,0.3333333333333333,0.3333333333333334,0.10000000000000009
002491:b1_staged:5:20260616,002491,5,2026-06-16,2026-06-18,take_profit,0.15,30.015,0.3333333333333334,0.0,0.1499999999999999
300042:b1_staged:1:20260604,300042,1,2026-06-04,2026-06-05,expiry,0.013347174847990306,68.33,1.0,0.0,0.013347174847990306
300042:b1_staged:2:20260604,300042,2,2026-06-04,2026-06-08,stop_loss,-0.05,64.05850000000001,1.0,0.0,-0.04999999999999993
300042:b1_staged:3:20260604,300042,3,2026-06-04,2026-06-08,stop_loss,-0.05,64.05850000000001,1.0,0.0,-0.04999999999999993
300042:b1_staged:4:20260604,300042,4,2026-06-04,2026-06-08,stop_loss,-0.05,64.05850000000001,1.0,0.0,-0.04999999999999993
300042:b1_staged:5:20260604,300042,5,2026-06-04,2026-06-08,stop_loss,-0.05,64.05850000000001,1.0,0.0,-0.04999999999999993
300054:b1_staged:1:20260603,300054,1,2026-06-03,2026-06-04,take_profit,0.05,73.92000000000002,0.3333333333333333,0.6666666666666667,0.050000000000000044
300054:b1_staged:1:20260603,300054,1,2026-06-03,2026-06-04,expiry,0.04247159090909092,73.39,0.6666666666666667,0.0,0.04247159090909092
300054:b1_staged:2:20260603,300054,2,2026-06-03,2026-06-04,take_profit,0.05,73.92000000000002,0.3333333333333333,0.6666666666666667,0.050000000000000044
300054:b1_staged:2:20260603,300054,2,2026-06-03,2026-06-05,expiry,-0.009232954545454586,69.75,0.6666666666666667,0.0,-0.009232954545454586
300054:b1_staged:3:20260603,300054,3,2026-06-03,2026-06-04,take_profit,0.05,73.92000000000002,0.3333333333333333,0.6666666666666667,0.050000000000000044
300054:b1_staged:3:20260603,300054,3,2026-06-03,2026-06-08,stop_loss,-0.05,66.88,0.6666666666666667,0.0,-0.050000000000000155
300054:b1_staged:4:20260603,300054,4,2026-06-03,2026-06-04,take_profit,0.05,73.92000000000002,0.3333333333333333,0.6666666666666667,0.050000000000000044
300054:b1_staged:4:20260603,300054,4,2026-06-03,2026-06-08,stop_loss,-0.05,66.88,0.6666666666666667,0.0,-0.050000000000000155
300054:b1_staged:5:20260603,300054,5,2026-06-03,2026-06-04,take_profit,0.05,73.92000000000002,0.3333333333333333,0.6666666666666667,0.050000000000000044
300054:b1_staged:5:20260603,300054,5,2026-06-03,2026-06-08,stop_loss,-0.05,66.88,0.6666666666666667,0.0,-0.050000000000000155
300136:b1_staged:1:20260605,300136,1,2026-06-05,2026-06-08,expiry,-0.025204551866829572,103.65,1.0,0.0,-0.025204551866829572
300136:b1_staged:2:20260605,300136,2,2026-06-05,2026-06-09,stop_loss,-0.05,101.0135,1.0,0.0,-0.050000000000000044
300136:b1_staged:3:20260605,300136,3,2026-06-05,2026-06-09,stop_loss,-0.05,101.0135,1.0,0.0,-0.050000000000000044
300136:b1_staged:4:20260605,300136,4,2026-06-05,2026-06-09,stop_loss,-0.05,101.0135,1.0,0.0,-0.050000000000000044
300136:b1_staged:5:20260605,300136,5,2026-06-05,2026-06-09,stop_loss,-0.05,101.0135,1.0,0.0,-0.050000000000000044
300223:b1_staged:1:20260608,300223,1,2026-06-08,2026-06-09,take_profit,0.05,156.72299999999998,0.3333333333333333,0.6666666666666667,0.050000000000000044
300223:b1_staged:1:20260608,300223,1,2026-06-08,2026-06-09,expiry,0.0712180088436285,159.89,0.6666666666666667,0.0,0.0712180088436285
300223:b1_staged:2:20260608,300223,2,2026-06-08,2026-06-09,take_profit,0.05,156.72299999999998,0.3333333333333333,0.6666666666666667,0.050000000000000044
300223:b1_staged:2:20260608,300223,2,2026-06-08,2026-06-10,expiry,-0.002076912769663708,148.95,0.6666666666666667,0.0,-0.002076912769663708
300223:b1_staged:3:20260608,300223,3,2026-06-08,2026-06-09,take_profit,0.05,156.72299999999998,0.3333333333333333,0.6666666666666667,0.050000000000000044
300223:b1_staged:3:20260608,300223,3,2026-06-08,2026-06-11,expiry,-0.025257939166554833,145.49,0.6666666666666667,0.0,-0.025257939166554833
300223:b1_staged:4:20260608,300223,4,2026-06-08,2026-06-09,take_profit,0.05,156.72299999999998,0.3333333333333333,0.6666666666666667,0.050000000000000044
300223:b1_staged:4:20260608,300223,4,2026-06-08,2026-06-12,expiry,-0.024520970119254915,145.6,0.6666666666666667,0.0,-0.024520970119254915
300223:b1_staged:5:20260608,300223,5,2026-06-08,2026-06-09,take_profit,0.05,156.72299999999998,0.3333333333333333,0.6666666666666667,0.050000000000000044
300223:b1_staged:5:20260608,300223,5,2026-06-08,2026-06-15,take_profit,0.1,164.186,0.3333333333333333,0.3333333333333334,0.10000000000000009
300223:b1_staged:5:20260608,300223,5,2026-06-08,2026-06-15,expiry,0.10076376792174746,164.3,0.3333333333333334,0.0,0.10076376792174746
300236:b1_staged:1:20260609,300236,1,2026-06-09,2026-06-10,expiry,0.006576200417536704,96.43,1.0,0.0,0.006576200417536704
300236:b1_staged:2:20260609,300236,2,2026-06-09,2026-06-11,take_profit,0.05,100.59,0.3333333333333333,0.6666666666666667,0.050000000000000044
300236:b1_staged:2:20260609,300236,2,2026-06-09,2026-06-11,expiry,0.06492693110647174,102.02,0.6666666666666667,0.0,0.06492693110647174
300236:b1_staged:3:20260609,300236,3,2026-06-09,2026-06-11,take_profit,0.05,100.59,0.3333333333333333,0.6666666666666667,0.050000000000000044
300236:b1_staged:3:20260609,300236,3,2026-06-09,2026-06-12,take_profit,0.1,105.38000000000001,0.3333333333333333,0.3333333333333334,0.10000000000000009
300236:b1_staged:3:20260609,300236,3,2026-06-09,2026-06-12,expiry,-0.0007306889352817203,95.73,0.3333333333333334,0.0,-0.0007306889352817203
300236:b1_staged:4:20260609,300236,4,2026-06-09,2026-06-11,take_profit,0.05,100.59,0.3333333333333333,0.6666666666666667,0.050000000000000044
300236:b1_staged:4:20260609,300236,4,2026-06-09,2026-06-12,take_profit,0.1,105.38000000000001,0.3333333333333333,0.3333333333333334,0.10000000000000009
300236:b1_staged:4:20260609,300236,4,2026-06-09,2026-06-15,expiry,0.04895615866388314,100.49,0.3333333333333334,0.0,0.04895615866388314
300236:b1_staged:5:20260609,300236,5,2026-06-09,2026-06-11,take_profit,0.05,100.59,0.3333333333333333,0.6666666666666667,0.050000000000000044
300236:b1_staged:5:20260609,300236,5,2026-06-09,2026-06-12,take_profit,0.1,105.38000000000001,0.3333333333333333,0.3333333333333334,0.10000000000000009
300236:b1_staged:5:20260609,300236,5,2026-06-09,2026-06-16,expiry,0.044050104384133704,100.02,0.3333333333333334,0.0,0.044050104384133704
300260:b1_staged:1:20260604,300260,1,2026-06-04,2026-06-05,take_profit,0.05,63.73500000000001,0.3333333333333333,0.6666666666666667,0.050000000000000044
300260:b1_staged:1:20260604,300260,1,2026-06-04,2026-06-05,take_profit,0.1,66.77000000000001,0.3333333333333333,0.3333333333333334,0.10000000000000009
300260:b1_staged:1:20260604,300260,1,2026-06-04,2026-06-05,expiry,0.05914332784184517,64.29,0.3333333333333334,0.0,0.05914332784184517
300260:b1_staged:2:20260604,300260,2,2026-06-04,2026-06-05,take_profit,0.05,63.73500000000001,0.3333333333333333,0.6666666666666667,0.050000000000000044
300260:b1_staged:2:20260604,300260,2,2026-06-04,2026-06-05,take_profit,0.1,66.77000000000001,0.3333333333333333,0.3333333333333334,0.10000000000000009
300260:b1_staged:2:20260604,300260,2,2026-06-04,2026-06-08,expiry,0.014497528830312856,61.58,0.3333333333333334,0.0,0.014497528830312856
300260:b1_staged:3:20260604,300260,3,2026-06-04,2026-06-05,take_profit,0.05,63.73500000000001,0.3333333333333333,0.6666666666666667,0.050000000000000044
300260:b1_staged:3:20260604,300260,3,2026-06-04,2026-06-05,take_profit,0.1,66.77000000000001,0.3333333333333333,0.3333333333333334,0.10000000000000009
300260:b1_staged:3:20260604,300260,3,2026-06-04,2026-06-09,take_profit,0.15,69.80499999999999,0.3333333333333334,0.0,0.1499999999999999
300260:b1_staged:4:20260604,300260,4,2026-06-04,2026-06-05,take_profit,0.05,63.73500000000001,0.3333333333333333,0.6666666666666667,0.050000000000000044
300260:b1_staged:4:20260604,300260,4,2026-06-04,2026-06-05,take_profit,0.1,66.77000000000001,0.3333333333333333,0.3333333333333334,0.10000000000000009
300260:b1_staged:4:20260604,300260,4,2026-06-04,2026-06-09,take_profit,0.15,69.80499999999999,0.3333333333333334,0.0,0.1499999999999999
300260:b1_staged:5:20260604,300260,5,2026-06-04,2026-06-05,take_profit,0.05,63.73500000000001,0.3333333333333333,0.6666666666666667,0.050000000000000044
300260:b1_staged:5:20260604,300260,5,2026-06-04,2026-06-05,take_profit,0.1,66.77000000000001,0.3333333333333333,0.3333333333333334,0.10000000000000009
300260:b1_staged:5:20260604,300260,5,2026-06-04,2026-06-09,take_profit,0.15,69.80499999999999,0.3333333333333334,0.0,0.1499999999999999
300308:b1_staged:1:20260615,300308,1,2026-06-15,2026-06-16,expiry,0.0024819277108432125,1248.09,1.0,0.0,0.0024819277108432125
300308:b1_staged:2:20260615,300308,2,2026-06-15,2026-06-17,expiry,0.024987951807228903,1276.11,1.0,0.0,0.024987951807228903
300308:b1_staged:3:20260615,300308,3,2026-06-15,2026-06-18,take_profit,0.05,1307.25,0.3333333333333333,0.6666666666666667,0.050000000000000044
300308:b1_staged:3:20260615,300308,3,2026-06-15,2026-06-18,expiry,0.098698795180723,1367.88,0.6666666666666667,0.0,0.098698795180723
300308:b1_staged:4:20260615,300308,4,2026-06-15,2026-06-18,take_profit,0.05,1307.25,0.3333333333333333,0.6666666666666667,0.050000000000000044
300308:b1_staged:4:20260615,300308,4,2026-06-15,2026-06-22,take_profit,0.1,1369.5,0.3333333333333333,0.3333333333333334,0.10000000000000009
300308:b1_staged:4:20260615,300308,4,2026-06-15,2026-06-22,expiry,0.110305220883534,1382.33,0.3333333333333334,0.0,0.110305220883534
300308:b1_staged:5:20260615,300308,5,2026-06-15,2026-06-18,take_profit,0.05,1307.25,0.3333333333333333,0.6666666666666667,0.050000000000000044
300308:b1_staged:5:20260615,300308,5,2026-06-15,2026-06-22,take_profit,0.1,1369.5,0.3333333333333333,0.3333333333333334,0.10000000000000009
300308:b1_staged:5:20260615,300308,5,2026-06-15,2026-06-23,expiry,0.052216867469879524,1310.01,0.3333333333333334,0.0,0.052216867469879524
300346:b1_staged:1:20260605,300346,1,2026-06-05,2026-06-08,expiry,0.0028055409433631606,57.19,1.0,0.0,0.0028055409433631606
300346:b1_staged:2:20260605,300346,2,2026-06-05,2026-06-09,take_profit,0.05,59.8815,0.3333333333333333,0.6666666666666667,0.050000000000000044
300346:b1_staged:2:20260605,300346,2,2026-06-05,2026-06-09,take_profit,0.1,62.733000000000004,0.3333333333333333,0.3333333333333334,0.10000000000000009
300346:b1_staged:2:20260605,300346,2,2026-06-05,2026-06-09,expiry,0.09959670348939165,62.71,0.3333333333333334,0.0,0.09959670348939165
300346:b1_staged:3:20260605,300346,3,2026-06-05,2026-06-09,take_profit,0.05,59.8815,0.3333333333333333,0.6666666666666667,0.050000000000000044
300346:b1_staged:3:20260605,300346,3,2026-06-05,2026-06-09,take_profit,0.1,62.733000000000004,0.3333333333333333,0.3333333333333334,0.10000000000000009
300346:b1_staged:3:20260605,300346,3,2026-06-05,2026-06-10,expiry,0.08223741890233205,61.72,0.3333333333333334,0.0,0.08223741890233205
300346:b1_staged:4:20260605,300346,4,2026-06-05,2026-06-09,take_profit,0.05,59.8815,0.3333333333333333,0.6666666666666667,0.050000000000000044
300346:b1_staged:4:20260605,300346,4,2026-06-05,2026-06-09,take_profit,0.1,62.733000000000004,0.3333333333333333,0.3333333333333334,0.10000000000000009
300346:b1_staged:4:20260605,300346,4,2026-06-05,2026-06-11,take_profit,0.15,65.58449999999999,0.3333333333333334,0.0,0.1499999999999999
300346:b1_staged:5:20260605,300346,5,2026-06-05,2026-06-09,take_profit,0.05,59.8815,0.3333333333333333,0.6666666666666667,0.050000000000000044
300346:b1_staged:5:20260605,300346,5,2026-06-05,2026-06-09,take_profit,0.1,62.733000000000004,0.3333333333333333,0.3333333333333334,0.10000000000000009
300346:b1_staged:5:20260605,300346,5,2026-06-05,2026-06-11,take_profit,0.15,65.58449999999999,0.3333333333333334,0.0,0.1499999999999999
300373:b1_staged:1:20260609,300373,1,2026-06-09,2026-06-10,stop_loss,-0.05,102.48599999999999,1.0,0.0,-0.050000000000000044
300373:b1_staged:2:20260609,300373,2,2026-06-09,2026-06-10,stop_loss,-0.05,102.48599999999999,1.0,0.0,-0.050000000000000044
300373:b1_staged:3:20260609,300373,3,2026-06-09,2026-06-10,stop_loss,-0.05,102.48599999999999,1.0,0.0,-0.050000000000000044
300373:b1_staged:4:20260609,300373,4,2026-06-09,2026-06-10,stop_loss,-0.05,102.48599999999999,1.0,0.0,-0.050000000000000044
300373:b1_staged:5:20260609,300373,5,2026-06-09,2026-06-10,stop_loss,-0.05,102.48599999999999,1.0,0.0,-0.050000000000000044
300567:b1_staged:1:20260604,300567,1,2026-06-04,2026-06-05,stop_loss,-0.05,193.61,1.0,0.0,-0.04999999999999993
300567:b1_staged:2:20260604,300567,2,2026-06-04,2026-06-05,stop_loss,-0.05,193.61,1.0,0.0,-0.04999999999999993
300567:b1_staged:3:20260604,300567,3,2026-06-04,2026-06-05,stop_loss,-0.05,193.61,1.0,0.0,-0.04999999999999993
300567:b1_staged:4:20260604,300567,4,2026-06-04,2026-06-05,stop_loss,-0.05,193.61,1.0,0.0,-0.04999999999999993
300567:b1_staged:5:20260604,300567,5,2026-06-04,2026-06-05,stop_loss,-0.05,193.61,1.0,0.0,-0.04999999999999993
300604:b1_staged:1:20260603,300604,1,2026-06-03,2026-06-04,take_profit,0.05,224.9625,0.3333333333333333,0.6666666666666667,0.050000000000000044
300604:b1_staged:1:20260603,300604,1,2026-06-03,2026-06-04,expiry,0.04247374562427075,223.35,0.6666666666666667,0.0,0.04247374562427075
300604:b1_staged:2:20260603,300604,2,2026-06-03,2026-06-04,take_profit,0.05,224.9625,0.3333333333333333,0.6666666666666667,0.050000000000000044
300604:b1_staged:2:20260603,300604,2,2026-06-03,2026-06-05,expiry,-0.035099183197199624,206.73,0.6666666666666667,0.0,-0.035099183197199624
300604:b1_staged:3:20260603,300604,3,2026-06-03,2026-06-04,take_profit,0.05,224.9625,0.3333333333333333,0.6666666666666667,0.050000000000000044
300604:b1_staged:3:20260603,300604,3,2026-06-03,2026-06-08,stop_loss,-0.05,203.5375,0.6666666666666667,0.0,-0.050000000000000044
300604:b1_staged:4:20260603,300604,4,2026-06-03,2026-06-04,take_profit,0.05,224.9625,0.3333333333333333,0.6666666666666667,0.050000000000000044
300604:b1_staged:4:20260603,300604,4,2026-06-03,2026-06-08,stop_loss,-0.05,203.5375,0.6666666666666667,0.0,-0.050000000000000044
300604:b1_staged:5:20260603,300604,5,2026-06-03,2026-06-04,take_profit,0.05,224.9625,0.3333333333333333,0.6666666666666667,0.050000000000000044
300604:b1_staged:5:20260603,300604,5,2026-06-03,2026-06-08,stop_loss,-0.05,203.5375,0.6666666666666667,0.0,-0.050000000000000044
300620:b1_staged:1:20260615,300620,1,2026-06-15,2026-06-16,take_profit,0.05,360.20250000000004,0.3333333333333333,0.6666666666666667,0.050000000000000044
300620:b1_staged:1:20260615,300620,1,2026-06-15,2026-06-16,take_profit,0.1,377.355,0.3333333333333333,0.3333333333333334,0.10000000000000009
300620:b1_staged:1:20260615,300620,1,2026-06-15,2026-06-16,take_profit,0.15,394.5075,0.3333333333333334,0.0,0.1499999999999999
300620:b1_staged:2:20260615,300620,2,2026-06-15,2026-06-16,take_profit,0.05,360.20250000000004,0.3333333333333333,0.6666666666666667,0.050000000000000044
300620:b1_staged:2:20260615,300620,2,2026-06-15,2026-06-16,take_profit,0.1,377.355,0.3333333333333333,0.3333333333333334,0.10000000000000009
300620:b1_staged:2:20260615,300620,2,2026-06-15,2026-06-16,take_profit,0.15,394.5075,0.3333333333333334,0.0,0.1499999999999999
300620:b1_staged:3:20260615,300620,3,2026-06-15,2026-06-16,take_profit,0.05,360.20250000000004,0.3333333333333333,0.6666666666666667,0.050000000000000044
300620:b1_staged:3:20260615,300620,3,2026-06-15,2026-06-16,take_profit,0.1,377.355,0.3333333333333333,0.3333333333333334,0.10000000000000009
300620:b1_staged:3:20260615,300620,3,2026-06-15,2026-06-16,take_profit,0.15,394.5075,0.3333333333333334,0.0,0.1499999999999999
300620:b1_staged:4:20260615,300620,4,2026-06-15,2026-06-16,take_profit,0.05,360.20250000000004,0.3333333333333333,0.6666666666666667,0.050000000000000044
300620:b1_staged:4:20260615,300620,4,2026-06-15,2026-06-16,take_profit,0.1,377.355,0.3333333333333333,0.3333333333333334,0.10000000000000009
300620:b1_staged:4:20260615,300620,4,2026-06-15,2026-06-16,take_profit,0.15,394.5075,0.3333333333333334,0.0,0.1499999999999999
300620:b1_staged:5:20260615,300620,5,2026-06-15,2026-06-16,take_profit,0.05,360.20250000000004,0.3333333333333333,0.6666666666666667,0.050000000000000044
300620:b1_staged:5:20260615,300620,5,2026-06-15,2026-06-16,take_profit,0.1,377.355,0.3333333333333333,0.3333333333333334,0.10000000000000009
300620:b1_staged:5:20260615,300620,5,2026-06-15,2026-06-16,take_profit,0.15,394.5075,0.3333333333333334,0.0,0.1499999999999999
300623:b1_staged:1:20260605,300623,1,2026-06-05,2026-06-08,stop_loss,-0.05,31.6065,1.0,0.0,-0.050000000000000044
300623:b1_staged:2:20260605,300623,2,2026-06-05,2026-06-08,stop_loss,-0.05,31.6065,1.0,0.0,-0.050000000000000044
300623:b1_staged:3:20260605,300623,3,2026-06-05,2026-06-08,stop_loss,-0.05,31.6065,1.0,0.0,-0.050000000000000044
300623:b1_staged:4:20260605,300623,4,2026-06-05,2026-06-08,stop_loss,-0.05,31.6065,1.0,0.0,-0.050000000000000044
300623:b1_staged:5:20260605,300623,5,2026-06-05,2026-06-08,stop_loss,-0.05,31.6065,1.0,0.0,-0.050000000000000044
300666:b1_staged:1:20260602,300666,1,2026-06-02,2026-06-03,expiry,-0.005831182487333941,208.0,1.0,0.0,-0.005831182487333941
300666:b1_staged:2:20260602,300666,2,2026-06-02,2026-06-04,expiry,0.0062613516872191965,210.53,1.0,0.0,0.0062613516872191965
300666:b1_staged:3:20260602,300666,3,2026-06-02,2026-06-05,stop_loss,-0.05,198.759,1.0,0.0,-0.050000000000000044
300666:b1_staged:4:20260602,300666,4,2026-06-02,2026-06-05,stop_loss,-0.05,198.759,1.0,0.0,-0.050000000000000044
300666:b1_staged:5:20260602,300666,5,2026-06-02,2026-06-05,stop_loss,-0.05,198.759,1.0,0.0,-0.050000000000000044
300726:b1_staged:1:20260615,300726,1,2026-06-15,2026-06-16,take_profit,0.05,76.0305,0.3333333333333333,0.6666666666666667,0.050000000000000044
300726:b1_staged:1:20260615,300726,1,2026-06-15,2026-06-16,take_profit,0.1,79.651,0.3333333333333333,0.3333333333333334,0.10000000000000009
300726:b1_staged:1:20260615,300726,1,2026-06-15,2026-06-16,take_profit,0.15,83.27149999999999,0.3333333333333334,0.0,0.1499999999999999
300726:b1_staged:2:20260615,300726,2,2026-06-15,2026-06-16,take_profit,0.05,76.0305,0.3333333333333333,0.6666666666666667,0.050000000000000044
300726:b1_staged:2:20260615,300726,2,2026-06-15,2026-06-16,take_profit,0.1,79.651,0.3333333333333333,0.3333333333333334,0.10000000000000009
300726:b1_staged:2:20260615,300726,2,2026-06-15,2026-06-16,take_profit,0.15,83.27149999999999,0.3333333333333334,0.0,0.1499999999999999
300726:b1_staged:3:20260615,300726,3,2026-06-15,2026-06-16,take_profit,0.05,76.0305,0.3333333333333333,0.6666666666666667,0.050000000000000044
300726:b1_staged:3:20260615,300726,3,2026-06-15,2026-06-16,take_profit,0.1,79.651,0.3333333333333333,0.3333333333333334,0.10000000000000009
300726:b1_staged:3:20260615,300726,3,2026-06-15,2026-06-16,take_profit,0.15,83.27149999999999,0.3333333333333334,0.0,0.1499999999999999
300726:b1_staged:4:20260615,300726,4,2026-06-15,2026-06-16,take_profit,0.05,76.0305,0.3333333333333333,0.6666666666666667,0.050000000000000044
300726:b1_staged:4:20260615,300726,4,2026-06-15,2026-06-16,take_profit,0.1,79.651,0.3333333333333333,0.3333333333333334,0.10000000000000009
300726:b1_staged:4:20260615,300726,4,2026-06-15,2026-06-16,take_profit,0.15,83.27149999999999,0.3333333333333334,0.0,0.1499999999999999
300726:b1_staged:5:20260615,300726,5,2026-06-15,2026-06-16,take_profit,0.05,76.0305,0.3333333333333333,0.6666666666666667,0.050000000000000044
300726:b1_staged:5:20260615,300726,5,2026-06-15,2026-06-16,take_profit,0.1,79.651,0.3333333333333333,0.3333333333333334,0.10000000000000009
300726:b1_staged:5:20260615,300726,5,2026-06-15,2026-06-16,take_profit,0.15,83.27149999999999,0.3333333333333334,0.0,0.1499999999999999
300757:b1_staged:1:20260615,300757,1,2026-06-15,2026-06-16,expiry,0.02095309898532971,650.0,1.0,0.0,0.02095309898532971
300757:b1_staged:2:20260615,300757,2,2026-06-15,2026-06-17,take_profit,0.05,668.4929999999999,0.3333333333333333,0.6666666666666667,0.050000000000000044
300757:b1_staged:2:20260615,300757,2,2026-06-15,2026-06-17,expiry,0.0369899161247762,660.21,0.6666666666666667,0.0,0.0369899161247762
300757:b1_staged:3:20260615,300757,3,2026-06-15,2026-06-17,take_profit,0.05,668.4929999999999,0.3333333333333333,0.6666666666666667,0.050000000000000044
300757:b1_staged:3:20260615,300757,3,2026-06-15,2026-06-18,expiry,0.04608425219112244,666.0,0.6666666666666667,0.0,0.04608425219112244
300757:b1_staged:4:20260615,300757,4,2026-06-15,2026-06-17,take_profit,0.05,668.4929999999999,0.3333333333333333,0.6666666666666667,0.050000000000000044
300757:b1_staged:4:20260615,300757,4,2026-06-15,2026-06-22,stop_loss,-0.05,604.827,0.6666666666666667,0.0,-0.04999999999999993
300757:b1_staged:5:20260615,300757,5,2026-06-15,2026-06-17,take_profit,0.05,668.4929999999999,0.3333333333333333,0.6666666666666667,0.050000000000000044
300757:b1_staged:5:20260615,300757,5,2026-06-15,2026-06-22,stop_loss,-0.05,604.827,0.6666666666666667,0.0,-0.04999999999999993
300776:b1_staged:1:20260604,300776,1,2026-06-04,2026-06-05,take_profit,0.05,172.51500000000001,0.3333333333333333,0.6666666666666667,0.050000000000000044
300776:b1_staged:1:20260604,300776,1,2026-06-04,2026-06-05,take_profit,0.1,180.73000000000002,0.3333333333333333,0.3333333333333334,0.10000000000000009
300776:b1_staged:1:20260604,300776,1,2026-06-04,2026-06-05,expiry,0.035666463785757774,170.16,0.3333333333333334,0.0,0.035666463785757774
300776:b1_staged:2:20260604,300776,2,2026-06-04,2026-06-05,take_profit,0.05,172.51500000000001,0.3333333333333333,0.6666666666666667,0.050000000000000044
300776:b1_staged:2:20260604,300776,2,2026-06-04,2026-06-05,take_profit,0.1,180.73000000000002,0.3333333333333333,0.3333333333333334,0.10000000000000009
300776:b1_staged:2:20260604,300776,2,2026-06-04,2026-06-08,expiry,-0.0018259281801583649,164.0,0.3333333333333334,0.0,-0.0018259281801583649
300776:b1_staged:3:20260604,300776,3,2026-06-04,2026-06-05,take_profit,0.05,172.51500000000001,0.3333333333333333,0.6666666666666667,0.050000000000000044
300776:b1_staged:3:20260604,300776,3,2026-06-04,2026-06-05,take_profit,0.1,180.73000000000002,0.3333333333333333,0.3333333333333334,0.10000000000000009
300776:b1_staged:3:20260604,300776,3,2026-06-04,2026-06-09,stop_loss,-0.05,156.085,0.3333333333333334,0.0,-0.050000000000000044
300776:b1_staged:4:20260604,300776,4,2026-06-04,2026-06-05,take_profit,0.05,172.51500000000001,0.3333333333333333,0.6666666666666667,0.050000000000000044
300776:b1_staged:4:20260604,300776,4,2026-06-04,2026-06-05,take_profit,0.1,180.73000000000002,0.3333333333333333,0.3333333333333334,0.10000000000000009
300776:b1_staged:4:20260604,300776,4,2026-06-04,2026-06-09,stop_loss,-0.05,156.085,0.3333333333333334,0.0,-0.050000000000000044
300776:b1_staged:5:20260604,300776,5,2026-06-04,2026-06-05,take_profit,0.05,172.51500000000001,0.3333333333333333,0.6666666666666667,0.050000000000000044
300776:b1_staged:5:20260604,300776,5,2026-06-04,2026-06-05,take_profit,0.1,180.73000000000002,0.3333333333333333,0.3333333333333334,0.10000000000000009
300776:b1_staged:5:20260604,300776,5,2026-06-04,2026-06-09,stop_loss,-0.05,156.085,0.3333333333333334,0.0,-0.050000000000000044
301095:b1_staged:1:20260603,301095,1,2026-06-03,2026-06-04,expiry,-0.03645833333333337,99.9,1.0,0.0,-0.03645833333333337
301095:b1_staged:2:20260603,301095,2,2026-06-03,2026-06-05,stop_loss,-0.05,98.496,1.0,0.0,-0.050000000000000155
301095:b1_staged:3:20260603,301095,3,2026-06-03,2026-06-05,stop_loss,-0.05,98.496,1.0,0.0,-0.050000000000000155
301095:b1_staged:4:20260603,301095,4,2026-06-03,2026-06-05,stop_loss,-0.05,98.496,1.0,0.0,-0.050000000000000155
301095:b1_staged:5:20260603,301095,5,2026-06-03,2026-06-05,stop_loss,-0.05,98.496,1.0,0.0,-0.050000000000000155
301200:b1_staged:1:20260612,301200,1,2026-06-12,2026-06-15,take_profit,0.05,290.85,0.3333333333333333,0.6666666666666667,0.050000000000000044
301200:b1_staged:1:20260612,301200,1,2026-06-12,2026-06-15,take_profit,0.1,304.70000000000005,0.3333333333333333,0.3333333333333334,0.10000000000000009
301200:b1_staged:1:20260612,301200,1,2026-06-12,2026-06-15,expiry,0.09891696750902512,304.4,0.3333333333333334,0.0,0.09891696750902512
301200:b1_staged:2:20260612,301200,2,2026-06-12,2026-06-15,take_profit,0.05,290.85,0.3333333333333333,0.6666666666666667,0.050000000000000044
301200:b1_staged:2:20260612,301200,2,2026-06-12,2026-06-15,take_profit,0.1,304.70000000000005,0.3333333333333333,0.3333333333333334,0.10000000000000009
301200:b1_staged:2:20260612,301200,2,2026-06-12,2026-06-16,take_profit,0.15,318.54999999999995,0.3333333333333334,0.0,0.1499999999999999
301200:b1_staged:3:20260612,301200,3,2026-06-12,2026-06-15,take_profit,0.05,290.85,0.3333333333333333,0.6666666666666667,0.050000000000000044
301200:b1_staged:3:20260612,301200,3,2026-06-12,2026-06-15,take_profit,0.1,304.70000000000005,0.3333333333333333,0.3333333333333334,0.10000000000000009
301200:b1_staged:3:20260612,301200,3,2026-06-12,2026-06-16,take_profit,0.15,318.54999999999995,0.3333333333333334,0.0,0.1499999999999999
301200:b1_staged:4:20260612,301200,4,2026-06-12,2026-06-15,take_profit,0.05,290.85,0.3333333333333333,0.6666666666666667,0.050000000000000044
301200:b1_staged:4:20260612,301200,4,2026-06-12,2026-06-15,take_profit,0.1,304.70000000000005,0.3333333333333333,0.3333333333333334,0.10000000000000009
301200:b1_staged:4:20260612,301200,4,2026-06-12,2026-06-16,take_profit,0.15,318.54999999999995,0.3333333333333334,0.0,0.1499999999999999
301200:b1_staged:5:20260612,301200,5,2026-06-12,2026-06-15,take_profit,0.05,290.85,0.3333333333333333,0.6666666666666667,0.050000000000000044
301200:b1_staged:5:20260612,301200,5,2026-06-12,2026-06-15,take_profit,0.1,304.70000000000005,0.3333333333333333,0.3333333333333334,0.10000000000000009
301200:b1_staged:5:20260612,301200,5,2026-06-12,2026-06-16,take_profit,0.15,318.54999999999995,0.3333333333333334,0.0,0.1499999999999999
301308:b1_staged:1:20260603,301308,1,2026-06-03,2026-06-04,take_profit,0.05,559.1355,0.3333333333333333,0.6666666666666667,0.050000000000000044
301308:b1_staged:1:20260603,301308,1,2026-06-03,2026-06-04,expiry,0.06754802726709364,568.48,0.6666666666666667,0.0,0.06754802726709364
301308:b1_staged:2:20260603,301308,2,2026-06-03,2026-06-04,take_profit,0.05,559.1355,0.3333333333333333,0.6666666666666667,0.050000000000000044
301308:b1_staged:2:20260603,301308,2,2026-06-03,2026-06-05,expiry,-0.023473737582392795,520.01,0.6666666666666667,0.0,-0.023473737582392795
301308:b1_staged:3:20260603,301308,3,2026-06-03,2026-06-04,take_profit,0.05,559.1355,0.3333333333333333,0.6666666666666667,0.050000000000000044
301308:b1_staged:3:20260603,301308,3,2026-06-03,2026-06-08,stop_loss,-0.05,505.88449999999995,0.6666666666666667,0.0,-0.050000000000000044
301308:b1_staged:4:20260603,301308,4,2026-06-03,2026-06-04,take_profit,0.05,559.1355,0.3333333333333333,0.6666666666666667,0.050000000000000044
301308:b1_staged:4:20260603,301308,4,2026-06-03,2026-06-08,stop_loss,-0.05,505.88449999999995,0.6666666666666667,0.0,-0.050000000000000044
301308:b1_staged:5:20260603,301308,5,2026-06-03,2026-06-04,take_profit,0.05,559.1355,0.3333333333333333,0.6666666666666667,0.050000000000000044
301308:b1_staged:5:20260603,301308,5,2026-06-03,2026-06-08,stop_loss,-0.05,505.88449999999995,0.6666666666666667,0.0,-0.050000000000000044
