comparison_key,pool,position_config,timing_variant,source_run_key,source_directory,total_net_return,max_drawdown_5m,max_drawdown_low,max_drawdown_daily,closed_trade_count,open_trade_count,win_rate_denominator,win_rate,profit_factor,capital_utilization,turnover,regime_exit_count,analysis_session_count,risk_on_session_count,zero_trade_count_flag,low_trade_count_flag,return_delta_vs_baseline,same_day_minus_next_session_return,max_drawdown_5m_delta_vs_baseline,same_day_minus_next_session_max_drawdown_5m,max_drawdown_low_delta_vs_baseline,same_day_minus_next_session_max_drawdown_low,max_drawdown_daily_delta_vs_baseline,same_day_minus_next_session_max_drawdown_daily
ai_semiconductor__canonical__baseline,ai_semiconductor,canonical,baseline,ai_semiconductor__canonical__baseline,outputs/intraday_b1_final_verified_20260718/ai_canonical_20260717,-0.0055699810626159696,-0.18831167798652693,-0.18831167798652693,-0.17540810564851317,16,0,16,0.5,0.9821970587130483,0.5202404078059738,11.409711215110764,0,34,34,False,False,0,0.063234574163056001,0,0.013053824087819299,0,0.010340990763485935,0,0.048525501724660081
ai_semiconductor__canonical__same_day_1455,ai_semiconductor,canonical,same_day_1455,ai_semiconductor__canonical__same_day_1455,outputs/intraday_b1_active_market_cap_20260719/ai_semiconductor__canonical__same_day_1455,0.086572648749994041,-0.060443902184321496,-0.06315673550865486,-0.01943915333938151,6,0,6,0.66666666666666663,2.15045827304714,0.1861806850419325,4.1990043776881354,0,34,12,False,True,0.092142629812610011,0.063234574163056001,0.12786777580220543,0.013053824087819299,0.12515494247787207,0.010340990763485935,0.15596895230913166,0.048525501724660081
ai_semiconductor__canonical__next_session_0935,ai_semiconductor,canonical,next_session_0935,ai_semiconductor__canonical__next_session_0935,outputs/intraday_b1_active_market_cap_20260719/ai_semiconductor__canonical__next_session_0935,0.02333807458693804,-0.073497726272140795,-0.073497726272140795,-0.06796465506404159,5,0,5,0.59999999999999998,1.3128643747280526,0.1486594452509693,3.4389318031745462,0,34,12,False,True,0.02890805564955401,0.063234574163056001,0.11481395171438613,0.013053824087819299,0.11481395171438613,0.010340990763485935,0.10744345058447158,0.048525501724660081
ai_semiconductor__risk025__baseline,ai_semiconductor,risk025,baseline,ai_semiconductor__risk025__baseline,outputs/intraday_b1_final_verified_20260718/ai_risk025_20260717,0.0071951725937287048,-0.13785747256735226,-0.13785747256735226,-0.12703600336336074,16,0,16,0.5,1.0328945409773218,0.37767488234981939,8.2161511803326626,0,34,34,False,False,0,0.046086404708767237,0,0.0092619446202061306,0,0.0072219971898986879,0,0.035679174926966262
ai_semiconductor__risk025__same_day_1455,ai_semiconductor,risk025,same_day_1455,ai_semiconductor__risk025__same_day_1455,outputs/intraday_b1_active_market_cap_20260719/ai_semiconductor__risk025__same_day_1455,0.065547779510208848,-0.045460375656221519,-0.047500323086528962,-0.0148365551934736,6,0,6,0.66666666666666663,2.1771647950288964,0.13998946138573626,3.1244888998378912,0,34,12,False,True,0.058352606916480143,0.046086404708767237,0.092397096911130738,0.0092619446202061306,0.090357149480823296,0.0072219971898986879,0.11219944816988714,0.035679174926966262
ai_semiconductor__risk025__next_session_0935,ai_semiconductor,risk025,next_session_0935,ai_semiconductor__risk025__next_session_0935,outputs/intraday_b1_active_market_cap_20260719/ai_semiconductor__risk025__next_session_0935,0.019461374801441611,-0.05472232027642765,-0.05472232027642765,-0.050515730120439861,5,0,5,0.59999999999999998,1.3588094565836433,0.1105235880709162,2.5370754552288024,0,34,12,False,True,0.012266202207712906,0.046086404708767237,0.083135152290924608,0.0092619446202061306,0.083135152290924608,0.0072219971898986879,0.076520273242920878,0.035679174926966262
innovative_drug__canonical__baseline,innovative_drug,canonical,baseline,innovative_drug__canonical__baseline,outputs/intraday_b1_final_verified_20260718/innovative_drug_canonical_20260717,0.099406282025887194,-0.045421652162601744,-0.047048660298994571,-0.030503881561046331,3,1,3,1,inf,0.15124984463523417,2.4437313533138814,0,34,34,False,True,0,0,0,0,0,0,0,0
innovative_drug__canonical__same_day_1455,innovative_drug,canonical,same_day_1455,innovative_drug__canonical__same_day_1455,outputs/intraday_b1_active_market_cap_20260719/innovative_drug__canonical__same_day_1455,0,0,0,0,0,0,0,,,0,0,0,34,12,True,False,-0.099406282025887194,0,0.045421652162601744,0,0.047048660298994571,0,0.030503881561046331,0
innovative_drug__canonical__next_session_0935,innovative_drug,canonical,next_session_0935,innovative_drug__canonical__next_session_0935,outputs/intraday_b1_active_market_cap_20260719/innovative_drug__canonical__next_session_0935,0,0,0,0,0,0,0,,,0,0,0,34,12,True,False,-0.099406282025887194,0,0.045421652162601744,0,0.047048660298994571,0,0.030503881561046331,0
innovative_drug__risk025__baseline,innovative_drug,risk025,baseline,innovative_drug__risk025__baseline,outputs/intraday_b1_final_verified_20260718/innovative_drug_risk025_20260717,0.07463910070390023,-0.040889848279361818,-0.041759268448617215,-0.026329667277253277,3,1,3,1,inf,0.11582141443093617,1.8895386717254761,0,34,34,False,True,0,0,0,0,0,0,0,0
innovative_drug__risk025__same_day_1455,innovative_drug,risk025,same_day_1455,innovative_drug__risk025__same_day_1455,outputs/intraday_b1_active_market_cap_20260719/innovative_drug__risk025__same_day_1455,0,0,0,0,0,0,0,,,0,0,0,34,12,True,False,-0.07463910070390023,0,0.040889848279361818,0,0.041759268448617215,0,0.026329667277253277,0
innovative_drug__risk025__next_session_0935,innovative_drug,risk025,next_session_0935,innovative_drug__risk025__next_session_0935,outputs/intraday_b1_active_market_cap_20260719/innovative_drug__risk025__next_session_0935,0,0,0,0,0,0,0,,,0,0,0,34,12,True,False,-0.07463910070390023,0,0.040889848279361818,0,0.041759268448617215,0,0.026329667277253277,0
battery__canonical__baseline,battery,canonical,baseline,battery__canonical__baseline,outputs/intraday_b1_final_verified_20260718/battery_canonical_20260717,-0.12941352832841913,-0.16011324472255561,-0.16167936929035043,-0.15756173944645102,12,0,12,0.33333333333333331,0.36143539548748743,0.32476427744323133,7.1816146942153738,0,34,34,False,False,0,-0.0042424707030869202,0,0,0,0,0,-0.00088805790615764657
battery__canonical__same_day_1455,battery,canonical,same_day_1455,battery__canonical__same_day_1455,outputs/intraday_b1_active_market_cap_20260719/battery__canonical__same_day_1455,-0.0044191623336409247,-0.052374969033164742,-0.054973445867873671,-0.018874459914508201,3,0,3,0.66666666666666663,0.86673217357828292,0.068551041176973609,1.9771511768957517,1,34,12,False,True,0.1249943659947782,-0.0042424707030869202,0.10773827568939087,0,0.10670592342247676,0,0.13868727953194282,-0.00088805790615764657
battery__canonical__next_session_0935,battery,canonical,next_session_0935,battery__canonical__next_session_0935,outputs/intraday_b1_active_market_cap_20260719/battery__canonical__next_session_0935,-0.0001766916305540045,-0.052374969033164742,-0.054973445867873671,-0.017986402008350555,3,0,3,0.66666666666666663,0.99467154456590312,0.068844812018029833,1.9813970375988386,1,34,12,False,True,0.12923683669786512,-0.0042424707030869202,0.10773827568939087,0,0.10670592342247676,0,0.13957533743810047,-0.00088805790615764657
battery__risk025__baseline,battery,risk025,baseline,battery__risk025__baseline,outputs/intraday_b1_final_verified_20260718/battery_risk025_20260717,-0.098989886225712809,-0.12167228661914531,-0.12287548048694319,-0.11970111656493965,12,0,12,0.33333333333333331,0.36206600057344296,0.2484111976733395,5.499793488974138,0,34,34,False,False,0,-0.0031998264624976125,0,0,0,0,0,-0.00067225080977006968
battery__risk025__same_day_1455,battery,risk025,same_day_1455,battery__risk025__same_day_1455,outputs/intraday_b1_active_market_cap_20260719/battery__risk025__same_day_1455,-0.0036795740428936519,-0.039938200618133468,-0.041901051249080834,-0.014575162785193441,3,0,3,0.66666666666666663,0.85435947003583557,0.051603947396488749,1.4931726018658051,1,34,12,False,True,0.095310312182819157,-0.0031998264624976125,0.081734086001011841,0,0.080974429237862355,0,0.10512595377974621,-0.00067225080977006968
battery__risk025__next_session_0935,battery,risk025,next_session_0935,battery__risk025__next_session_0935,outputs/intraday_b1_active_market_cap_20260719/battery__risk025__next_session_0935,-0.00047974758039603937,-0.039938200618133468,-0.041901051249080834,-0.013902911975423371,3,0,3,0.66666666666666663,0.98101120101310724,0.051825520318980307,1.4963749883283031,1,34,12,False,True,0.098510138645316769,-0.0031998264624976125,0.081734086001011841,0,0.080974429237862355,0,0.10579820458951628,-0.00067225080977006968
humanoid_robot_proxy__canonical__baseline,humanoid_robot_proxy,canonical,baseline,humanoid_robot_proxy__canonical__baseline,outputs/intraday_b1_final_verified_20260718/humanoid_robot_proxy_canonical_20260717,0.093684582977141995,-0.12253744894888263,-0.12253744894888263,-0.10402002275949229,7,1,7,0.5714285714285714,2.7934259678908027,0.30952192072542428,5.4931306791458123,0,34,34,False,False,0,0.025763515853849839,0,-0.00012941041819969357,0,0.00051420700967375055,0,0.00023232469844192138
humanoid_robot_proxy__canonical__same_day_1455,humanoid_robot_proxy,canonical,same_day_1455,humanoid_robot_proxy__canonical__same_day_1455,outputs/intraday_b1_active_market_cap_20260719/humanoid_robot_proxy__canonical__same_day_1455,0.027377615986525106,-0.046021238244050133,-0.046730874311278536,-0.028959129789434379,3,0,3,0.33333333333333331,5.7256710689990706,0.092051873315549371,2.0608598982832778,2,34,12,False,True,-0.066306966990616889,0.025763515853849839,0.076516210704832499,-0.00012941041819969357,0.075806574637604096,0.00051420700967375055,0.075060892970057913,0.00023232469844192138
humanoid_robot_proxy__canonical__next_session_0935,humanoid_robot_proxy,canonical,next_session_0935,humanoid_robot_proxy__canonical__next_session_0935,outputs/intraday_b1_active_market_cap_20260719/humanoid_robot_proxy__canonical__next_session_0935,0.0016141001326752669,-0.04589182782585044,-0.047245081320952287,-0.0291914544878763,2,0,2,0.5,2.1222457235939562,0.052074887365102768,1.3478884760097503,2,34,12,False,True,-0.092070482844466728,0.025763515853849839,0.076645621123032193,-0.00012941041819969357,0.075292367627930346,0.00051420700967375055,0.074828568271615992,0.00023232469844192138
humanoid_robot_proxy__risk025__baseline,humanoid_robot_proxy,risk025,baseline,humanoid_robot_proxy__risk025__baseline,outputs/intraday_b1_final_verified_20260718/humanoid_robot_proxy_risk025_20260717,0.078055272029908362,-0.094804439067793456,-0.094804439067793456,-0.080172484218523077,7,1,7,0.5714285714285714,2.9595451507933888,0.23286122769861428,4.0773803888493658,0,34,34,False,False,0,0.019106895793109757,0,0.00043933662703932175,0,0.00090627342122362453,0,6.8237015038996596e-05
humanoid_robot_proxy__risk025__same_day_1455,humanoid_robot_proxy,risk025,same_day_1455,humanoid_robot_proxy__risk025__same_day_1455,outputs/intraday_b1_active_market_cap_20260719/humanoid_robot_proxy__risk025__same_day_1455,0.020264600863910687,-0.033719271754956925,-0.034257337667274013,-0.021816781369421001,3,0,3,0.33333333333333331,5.7432182169118509,0.067745713345209763,1.5012492715426218,2,34,12,False,True,-0.057790671165997676,0.019106895793109757,0.06108516731283653,0.00043933662703932175,0.060547101400519443,0.00090627342122362453,0.058355702849102076,6.8237015038996596e-05
humanoid_robot_proxy__risk025__next_session_0935,humanoid_robot_proxy,risk025,next_session_0935,humanoid_robot_proxy__risk025__next_session_0935,outputs/intraday_b1_active_market_cap_20260719/humanoid_robot_proxy__risk025__next_session_0935,0.0011577050708009295,-0.034158608381996247,-0.035163611088497637,-0.021885018384459998,2,0,2,0.5,2.0790663536048637,0.038527102408923354,0.99509189167327872,2,34,12,False,True,-0.076897566959107433,0.019106895793109757,0.060645830685797208,0.00043933662703932175,0.059640827979295818,0.00090627342122362453,0.058287465834063079,6.8237015038996596e-05
